company_id,company_name,year,all_dividend,all_dividend_new
1101,台泥,2020,3.36811984,3.248711585998535
1102,亞泥,2020,3.46283787,3.3891806602478027
1103,嘉泥,2020,1.4,1.6573055982589722
1104,環泥,2020,1.1,1.0769697427749634
1108,幸福,2020,0.7,0.5455247163772583
1109,信大,2020,1.5,1.5178405046463013
1110,東泥,2020,0.1,0.07779855281114578
1201,味全,2020,0.53,0.5451076626777649
1203,味王,2020,1.1,1.0831427574157715
1210,大成,2020,3.0,2.823535919189453
1213,大飲,2020,0.0,-0.008763815276324749
1215,卜蜂,2020,4.5,3.4249866008758545
1216,統一,2020,2.7,2.1128785610198975
1217,愛之味,2020,0.0,0.192977637052536
1218,泰山,2020,1.4,1.240795373916626
1219,福壽,2020,1.0,1.100312352180481
1220,台榮,2020,1.0,0.906112015247345
1225,福懋油,2020,1.4,1.2159886360168457
1227,佳格,2020,2.5,2.479553699493408
1229,聯華,2020,2.7,2.7016899585723877
1231,聯華食,2020,2.6,2.623676061630249
1232,大統益,2020,6.0,6.254106521606445
1233,天仁,2020,0.8,0.5829516649246216
1234,黑松,2020,1.8,1.778846025466919
1235,興泰,2020,1.5,0.7535178661346436
1236,宏亞,2020,0.2,0.13100187480449677
1240,茂生農經,2020,2.5,2.5043137073516846
1256,鮮活果汁-KY,2020,12.0,12.975247383117676
1258,其祥-KY,2020,0.0,-0.01058516837656498
1259,安心,2020,3.0,3.621891975402832
1264,德麥,2020,12.0,11.98576545715332
1268,漢來美食,2020,7.0,6.9868669509887695
1301,台塑,2020,2.4,2.330308437347412
1303,南亞,2020,2.4,2.320265531539917
1304,台聚,2020,1.0,1.289633870124817
1305,華夏,2020,2.3,2.2637410163879395
1307,三芳,2020,0.5,0.3469744920730591
1308,亞聚,2020,1.4,1.3815439939498901
1309,台達化,2020,3.0,3.33990478515625
1310,台苯,2020,0.5,0.5085792541503906
1312,國喬,2020,0.1,2.8503434658050537
1313,聯成,2020,1.0,1.083309292793274
1314,中石化,2020,0.0,0.08627062290906906
1315,達新,2020,8.0,8.420211791992188
1316,上曜,2020,0.0,0.006262920796871185
1319,東陽,2020,0.8,1.4886013269424438
1321,大洋,2020,1.0,1.0683828592300415
1323,永裕,2020,1.6,1.9206719398498535
1324,地球,2020,0.3,0.2865614593029022
1325,恒大,2020,12.0,12.006925582885742
1326,台化,2020,2.5,2.3871564865112305
1336,台翰,2020,1.5,1.7595468759536743
1337,再生-KY,2020,0.0,0.00261095492169261
1338,廣華-KY,2020,3.5,3.3324637413024902
1339,昭輝,2020,2.0,1.7658281326293945
1340,勝悅-KY,2020,0.0,0.015300757251679897
1341,富林-KY,2020,6.0,5.795473098754883
1342,八貫,2020,2.5,2.4030158519744873
1402,遠東新,2020,1.35,1.0734513998031616
1409,新纖,2020,1.1,1.0783933401107788
1410,南染,2020,0.9,0.873587429523468
1413,宏洲,2020,0.0,0.005094428546726704
1414,東和,2020,0.246,0.3346141278743744
1416,廣豐,2020,0.5,0.383368581533432
1417,嘉裕,2020,0.3,0.12395647913217545
1418,東華,2020,0.0,0.007039148360490799
1419,新紡,2020,1.0,0.9714048504829407
1423,利華,2020,1.8,1.9757375717163086
1432,大魯閣,2020,0.0,0.024519292637705803
1434,福懋,2020,1.0,1.0644816160202026
1435,中福,2020,0.0,0.00043972989078611135
1436,華友聯,2020,2.0,1.65448796749115
1437,勤益控,2020,0.7,0.846449613571167
1438,三地開發,2020,0.0,-0.002224220195785165
1439,中和,2020,0.0,0.18407930433750153
1440,南紡,2020,0.35,0.38740643858909607
1441,大東,2020,0.0,-0.012119490653276443
1442,名軒,2020,0.5,0.4036114811897278
1443,立益,2020,0.0,0.032383158802986145
1444,力麗,2020,0.0,0.0014526965096592903
1445,大宇,2020,0.2,0.066934734582901
1446,宏和,2020,0.3,0.08910274505615234
1447,力鵬,2020,0.0,0.008270722813904285
1449,佳和,2020,0.0,0.02679700031876564
1451,年興,2020,0.6,0.5076640248298645
1452,宏益,2020,0.7,0.7265290021896362
1453,大將,2020,0.0,0.26256126165390015
1454,台富,2020,0.2,0.05167178437113762
1455,集盛,2020,0.3,0.10079709440469742
1456,怡華,2020,0.0,0.7000031471252441
1457,宜進,2020,1.5,1.4221384525299072
1459,聯發,2020,0.0,0.009639750234782696
1460,宏遠,2020,0.0,-0.002355912234634161
1463,強盛,2020,0.3,0.3445413112640381
1464,得力,2020,0.3,0.1151239424943924
1465,偉全,2020,0.3,0.2987184226512909
1466,聚隆,2020,0.0,0.056389644742012024
1467,南緯,2020,0.7,0.5558513402938843
1468,昶和,2020,0.0,0.003810783615335822
1470,大統新創,2020,0.42,0.3851965069770813
1471,首利,2020,0.0,-0.01726110465824604
1472,三洋實業,2020,0.0,-0.00021753335022367537
1473,台南,2020,0.2,0.12038619816303253
1474,弘裕,2020,0.4,0.44977155327796936
1475,業旺,2020,0.0,-0.007304524537175894
1476,儒鴻,2020,11.0,11.107606887817383
1477,聚陽,2020,8.0,7.909329891204834
1503,士電,2020,1.6,1.5625602006912231
1504,東元,2020,1.15,1.0882375240325928
1506,正道,2020,0.0,0.03302929922938347
1507,永大,2020,1.9,1.9826476573944092
1512,瑞利,2020,0.0,0.0017514288192614913
1513,中興電,2020,2.2,2.225365400314331
1514,亞力,2020,1.2,1.2873443365097046
1515,力山,2020,3.6,3.3736491203308105
1516,川飛,2020,0.7497531999999999,0.6533898711204529
1517,利奇,2020,0.35,0.3980623185634613
1519,華城,2020,1.3,1.2198760509490967
1521,大億,2020,1.3,1.5770821571350098
1522,堤維西,2020,0.6,0.6839213371276855
1524,耿鼎,2020,0.21,0.1829676777124405
1525,江申,2020,2.2,2.31269907951355
1526,日馳,2020,1.8,1.6823161840438843
1527,鑽全,2020,2.35,2.0421342849731445
1528,恩德,2020,0.1,0.03329509124159813
1529,樂士,2020,0.5,0.3377009332180023
1530,亞崴,2020,2.5,2.4788169860839844
1531,高林股,2020,0.2,0.18467773497104645
1532,勤美,2020,1.03,1.098534345626831
1533,車王電,2020,0.0,0.25725072622299194
1535,中宇,2020,1.35,1.3117077350616455
1536,和大,2020,1.1,1.0885831117630005
1537,廣隆,2020,10.0,9.536952018737793
1538,正峰,2020,0.0,0.0006158832693472505
1539,巨庭,2020,0.0,0.18306206166744232
1540,喬福,2020,0.5,0.41493260860443115
1541,錩泰,2020,3.0,3.2613141536712646
1558,伸興,2020,9.5,9.364663124084473
1560,中砂,2020,2.79833843,2.7309110164642334
1565,精華,2020,12.0,11.678491592407227
1568,倉佑,2020,0.3,0.13661792874336243
1569,濱川,2020,1.5,1.6719495058059692
1570,力肯,2020,0.8,0.9394370913505554
1580,新麥,2020,6.79,5.029841423034668
1582,信錦,2020,5.0,4.6510396003723145
1583,程泰,2020,3.0,2.9305341243743896
1584,精剛,2020,0.0,-0.02371680550277233
1586,和勤,2020,1.0,1.0812981128692627
1587,吉茂,2020,2.0,1.8661103248596191
1589,永冠-KY,2020,1.5,1.5357061624526978
1590,亞德客-KY,2020,9.05709,9.144545555114746
1591,駿吉-KY,2020,0.5,0.6054175496101379
1592,英瑞-KY,2020,0.0,-0.018570411950349808
1593,祺驊,2020,3.58391996,3.5078883171081543
1595,川寶,2020,0.5,0.41470974683761597
1597,直得,2020,1.5,1.4803595542907715
1598,岱宇,2020,7.46837978,7.474626064300537
1599,宏佳騰,2020,2.0,2.7549681663513184
1603,華電,2020,0.5,0.5985521078109741
1604,聲寶,2020,2.5,2.609315872192383
1605,華新,2020,0.9,1.0805833339691162
1608,華榮,2020,0.7,0.6111407279968262
1609,大亞,2020,0.7,0.6948620080947876
1611,中電,2020,0.3,0.33242860436439514
1612,宏泰,2020,1.2,1.199120044708252
1614,三洋電,2020,0.949277755,0.9628319144248962
1615,大山,2020,2.4,1.9730448722839355
1616,億泰,2020,0.0,0.025818897411227226
1617,榮星,2020,0.6,0.545439600944519
1618,合機,2020,0.3,0.6097930073738098
1626,艾美特-KY,2020,1.0,0.9556589722633362
1701,中化,2020,1.0,1.0464338064193726
1702,南僑,2020,2.0,2.213925838470459
1707,葡萄王,2020,6.4,6.315701484680176
1708,東鹼,2020,1.8,1.4016543626785278
1709,和益,2020,1.2,1.1224040985107422
1710,東聯,2020,0.0,0.1590200513601303
1711,永光,2020,0.3,0.3731047511100769
1712,興農,2020,1.3,1.2495224475860596
1713,國化,2020,0.66,0.5678527355194092
1714,和桐,2020,0.7,0.7875375151634216
1717,長興,2020,1.5,1.3341437578201294
1718,中纖,2020,0.5,0.4015215039253235
1720,生達,2020,1.8,1.8670610189437866
1721,三晃,2020,0.5,0.8516871333122253
1722,台肥,2020,2.3,1.7848258018493652
1723,中碳,2020,2.8,2.7113592624664307
1724,台硝,2020,0.25,0.2446434050798416
1725,元禎,2020,0.96,1.0607343912124634
1726,永記,2020,3.5,4.100198745727539
1727,中華化,2020,0.0,0.07739930599927902
1730,花仙子,2020,3.86,4.530502796173096
1731,美吾華,2020,1.0,0.8819286823272705
1732,毛寶,2020,0.5,0.7220046520233154
1733,五鼎,2020,1.1,0.8638499975204468
1734,杏輝,2020,0.2,0.18765589594841003
1735,日勝化,2020,0.5,0.5013169646263123
1736,喬山,2020,1.12,0.9509955048561096
1737,臺鹽,2020,1.35,1.4351763725280762
1742,台蠟,2020,0.0,0.024834325537085533
1752,南光,2020,1.6,1.4438936710357666
1760,寶齡富錦,2020,0.7,0.5463492274284363
1762,中化生,2020,1.5,2.383516788482666
1773,勝一,2020,4.6,4.478272914886475
1776,展宇,2020,1.0,0.4763801097869873
1777,生泰,2020,4.0,3.867814779281616
1781,合世,2020,0.0,0.005269776098430157
1783,和康生,2020,0.81,0.7426120042800903
1784,訊聯,2020,0.18471358,0.18653859198093414
1785,光洋科,2020,1.2,1.151524305343628
1786,科妍,2020,1.809848,1.6150089502334595
1788,杏昌,2020,6.770778999999999,6.751277923583984
1789,神隆,2020,0.5,0.436967134475708
1795,美時,2020,0.35,0.531441330909729
1796,金穎生技,2020,0.08306125,0.14918401837348938
1799,易威,2020,0.0,0.008200464770197868
1802,台玻,2020,0.5,0.5952954292297363
1805,寶徠,2020,0.0,-0.00039464145083911717
1806,冠軍,2020,0.0,0.004764843266457319
1808,潤隆,2020,0.4,0.3607652485370636
1809,中釉,2020,0.2,0.19222736358642578
1810,和成,2020,0.2,0.1826176792383194
1813,寶利徠,2020,0.0,0.37478482723236084
1815,富喬,2020,0.0,0.022127963602542877
1817,凱撒衛,2020,2.0,2.060661792755127
1903,士紙,2020,0.0,-0.003139008302241564
1904,正隆,2020,1.8,1.5680652856826782
1905,華紙,2020,0.0,0.031050054356455803
1906,寶隆,2020,0.4,0.5533894896507263
1907,永豐餘,2020,1.5,1.6172020435333252
1909,榮成,2020,0.6,0.5042819976806641
2002,中鋼,2020,0.3,0.4832748770713806
2006,東和鋼鐵,2020,1.5,1.5799349546432495
2007,燁興,2020,0.0,-0.002149050123989582
2008,高興昌,2020,0.0,0.05816204473376274
2009,第一銅,2020,0.8,0.31148824095726013
2010,春源,2020,0.6,0.650409996509552
2012,春雨,2020,0.6,0.6486847996711731
2013,中鋼構,2020,2.8,2.238478422164917
2014,中鴻,2020,0.3,0.1299128234386444
2015,豐興,2020,3.5,3.0105671882629395
2017,官田鋼,2020,0.2,0.08325494825839996
2020,美亞,2020,1.7,1.5498753786087036
2022,聚亨,2020,0.0,-0.003959575667977333
2023,燁輝,2020,0.0,0.34338560700416565
2024,志聯,2020,0.25,0.2934504747390747
2025,千興,2020,0.0,-0.002607254544273019
2027,大成鋼,2020,0.8,0.6133116483688354
2028,威致,2020,0.0,0.010383151471614838
2029,盛餘,2020,0.5,0.4845012128353119
2030,彰源,2020,0.5,0.38815033435821533
2031,新光鋼,2020,1.91973251,1.8740836381912231
2032,新鋼,2020,0.53,0.5081600546836853
2033,佳大,2020,0.3,0.2593574821949005
2034,允強,2020,1.5,1.107955813407898
2035,唐榮,2020,0.0,-0.006708784028887749
2038,海光,2020,0.5,0.5352361798286438
2049,上銀,2020,2.3,3.838545560836792
2059,川湖,2020,6.12,6.12598180770874
2061,風青,2020,0.0,0.01433569099754095
2062,橋椿,2020,0.1,0.080558642745018
2063,世鎧,2020,2.0,1.811115026473999
2064,晉椿,2020,0.5,0.3779354691505432
2065,世豐,2020,1.95615817,2.135171890258789
2066,世德,2020,1.7,1.6643611192703247
2067,嘉鋼,2020,0.0,-0.012875565327703953
2069,運錩,2020,0.55,0.5343900322914124
2070,精湛,2020,1.0,0.7436200976371765
2101,南港,2020,0.95,1.0006325244903564
2102,泰豐,2020,0.02,0.04758226126432419
2103,台橡,2020,0.36,0.30407169461250305
2104,國際中橡,2020,0.1,0.21187379956245422
2105,正新,2020,1.2,1.2920790910720825
2106,建大,2020,1.0,1.0409210920333862
2107,厚生,2020,1.5,1.576850414276123
2108,南帝,2020,4.0,5.914612770080566
2109,華豐,2020,0.0,-0.07794778048992157
2114,鑫永銓,2020,6.0,6.187106609344482
2115,六暉-KY,2020,2.5000000053,4.483716011047363
2201,裕隆,2020,1.0,1.1093610525131226
2204,中華,2020,7.0,6.766904354095459
2206,三陽工業,2020,1.3088628999999998,1.3455884456634521
2207,和泰車,2020,17.0,14.44792366027832
2208,台船,2020,0.0,0.0218643918633461
2211,長榮鋼,2020,2.2,2.199209451675415
2221,大甲,2020,1.0,0.9738081097602844
2227,裕日車,2020,18.53,16.20513153076172
2228,劍麟,2020,1.05,1.1178710460662842
2230,泰茂,2020,0.2,0.028392460197210312
2231,為升,2020,1.2,1.2030525207519531
2233,宇隆,2020,3.75,4.375370025634766
2235,謚源,2020,2.0,1.6936675310134888
2236,百達-KY,2020,0.3681839000000001,0.4686659872531891
2239,英利-KY,2020,1.85,1.903902292251587
2241,艾姆勒,2020,0.6036,0.3532365560531616
2243,宏旭-KY,2020,0.0,0.017985530197620392
2247,汎德永業,2020,11.0,10.82505989074707
2250,IKKA-KY,2020,3.0,3.0780117511749268
2301,光寶科,2020,3.4,3.391270399093628
2302,麗正,2020,0.30065,0.13572627305984497
2303,聯電,2020,1.5998882,1.4763951301574707
2305,全友,2020,0.0,0.008320469409227371
2308,台達電,2020,5.5,5.482908248901367
2312,金寶,2020,0.29126176,0.20723775029182434
2313,華通,2020,1.5,1.8012006282806396
2314,台揚,2020,0.0,0.017987346276640892
2316,楠梓電,2020,1.5,1.2892227172851562
2317,鴻海,2020,4.0,3.806417465209961
2321,東訊,2020,0.0,0.0006732020410709083
2323,中環,2020,0.7,0.4695849120616913
2324,仁寶,2020,1.6,1.5424935817718506
2327,國巨,2020,10.08131421,10.13759994506836
2328,廣宇,2020,0.65,0.940390944480896
2329,華泰,2020,0.0,0.0005688900128006935
2330,台積電,2020,10.0,9.778718948364258
2331,精英,2020,1.0014667,0.2713024616241455
2332,友訊,2020,0.3,0.4311773478984833
2337,旺宏,2020,1.2,1.4150639772415161
2338,光罩,2020,1.5,1.5404102802276611
2340,光磊,2020,1.39271167,1.3184633255004883
2342,茂矽,2020,0.5,0.4884876012802124
2344,華邦電,2020,0.2,0.2691015303134918
2345,智邦,2020,6.4956,6.273049831390381
2347,聯強,2020,3.3,3.2759172916412354
2348,海悅,2020,8.0,8.291050910949707
2349,錸德,2020,0.0,-0.040187492966651917
2351,順德,2020,1.8,1.5919188261032104
2352,佳世達,2020,1.5,1.4820892810821533
2353,宏碁,2020,1.5,1.4886045455932617
2354,鴻準,2020,1.8,1.7813271284103394
2355,敬鵬,2020,0.5,0.35751307010650635
2356,英業達,2020,1.85,1.188073992729187
2357,華碩,2020,26.0,25.94053077697754
2358,廷鑫,2020,0.1,0.11188743263483047
2359,所羅門,2020,0.5,0.5315394997596741
2360,致茂,2020,4.4996051,4.3302903175354
2362,藍天,2020,0.6,1.0469528436660767
2363,矽統,2020,1.6,0.6245806217193604
2364,倫飛,2020,0.0,0.011374817229807377
2365,昆盈,2020,0.30406291,0.3323567509651184
2367,燿華,2020,0.0,-0.02573126181960106
2368,金像電,2020,1.5,1.656447172164917
2369,菱生,2020,0.0,0.03365524113178253
2371,大同,2020,0.0,0.01288734469562769
2373,震旦行,2020,6.0,5.696980953216553
2374,佳能,2020,0.5,0.38654065132141113
2375,凱美,2020,2.0,2.0331718921661377
2376,技嘉,2020,5.0,5.009869575500488
2377,微星,2020,6.1,6.088410377502441
2379,瑞昱,2020,14.0,14.31888198852539
2380,虹光,2020,0.0,0.01536506600677967
2382,廣達,2020,5.2,4.983364105224609
2383,台光電,2020,7.0,6.910335540771484
2385,群光,2020,5.5,5.536261081695557
2387,精元,2020,2.0,2.333906650543213
2388,威盛,2020,0.8,1.0236525535583496
2390,云辰,2020,0.0,-0.03761890530586243
2392,正崴,2020,2.5,2.5146303176879883
2393,億光,2020,2.25,2.067014217376709
2395,研華,2020,7.09279644,7.191154956817627
2397,友通,2020,3.0,2.8810815811157227
2399,映泰,2020,0.4,0.6037867069244385
2401,凌陽,2020,0.5255,0.5518507361412048
2402,毅嘉,2020,0.5,0.473421573638916
2404,漢唐,2020,17.0,16.917945861816406
2405,浩鑫,2020,0.0,-0.0024792528711259365
2406,國碩,2020,0.0,-0.02835717611014843
2408,南亞科,2020,1.29660236,1.5948240756988525
2409,友達,2020,0.3,0.32403525710105896
2412,中華電,2020,4.306,3.5994794368743896
2413,環科,2020,0.0,0.06390994042158127
2414,精技,2020,1.8,1.8587218523025513
2415,錩新,2020,0.5,0.5239804983139038
2417,圓剛,2020,2.0,4.627399921417236
2419,仲琦,2020,1.0,0.9388608336448669
2420,新巨,2020,2.55,2.4615490436553955
2421,建準,2020,2.4,2.3907470703125
2423,固緯,2020,1.2,1.2016907930374146
2424,隴華,2020,0.0,-0.0016958157066255808
2425,承啟,2020,0.5,0.78139728307724
2426,鼎元,2020,0.75,0.7176787257194519
2427,三商電,2020,0.3,0.37635931372642517
2428,興勤,2020,5.5,5.547293186187744
2429,銘旺科,2020,0.0,-0.005204907618463039
2430,燦坤,2020,1.55,1.5307334661483765
2431,聯昌,2020,0.25,0.23218075931072235
2433,互盛電,2020,3.6,3.277205228805542
2434,統懋,2020,0.0,0.005575841758400202
2436,偉詮電,2020,1.6,1.4536759853363037
2438,翔耀,2020,0.0,-0.00845599826425314
2439,美律,2020,5.1633,4.8854570388793945
2440,太空梭,2020,0.0,0.04041881114244461
2441,超豐,2020,3.1,3.1175785064697266
2442,新美齊,2020,0.30000000000000004,0.4435023367404938
2443,億麗,2020,0.0,-0.0006741907563991845
2444,兆勁,2020,0.0,0.011192587204277515
2449,京元電子,2020,2.0,1.79728364944458
2450,神腦,2020,1.5,1.3410215377807617
2451,創見,2020,3.05,2.9627280235290527
2453,凌群,2020,1.5,1.369625449180603
2454,聯發科,2020,37.0,36.414337158203125
2455,全新,2020,2.59,2.476457118988037
2456,奇力新,2020,1.99545233,2.230844736099243
2457,飛宏,2020,0.0,0.04786831513047218
2458,義隆,2020,9.0,8.835775375366211
2459,敦吉,2020,3.3,3.1348416805267334
2460,建通,2020,0.0,0.010735255666077137
2461,光群雷,2020,0.96,0.7808088064193726
2462,良得電,2020,0.8,0.7119734883308411
2464,盟立,2020,2.0,2.0106418132781982
2465,麗臺,2020,0.0,-0.00695078307762742
2466,冠西電,2020,0.0,0.008964229375123978
2467,志聖,2020,2.71300083024,2.630026340484619
2468,華經,2020,0.4,0.7339680194854736
2471,資通,2020,1.5,1.4951287508010864
2472,立隆電,2020,3.0,3.826289176940918
2474,可成,2020,12.0,12.004273414611816
2476,鉅祥,2020,1.2,1.286328673362732
2477,美隆電,2020,1.45,1.2238118648529053
2478,大毅,2020,3.0,2.9369020462036133
2480,敦陽科,2020,4.3,4.001938819885254
2481,強茂,2020,1.5,1.4249649047851562
2482,連宇,2020,0.0,0.008764585480093956
2483,百容,2020,0.7,0.7519283890724182
2484,希華,2020,1.0,0.909771740436554
2485,兆赫,2020,0.0,0.20326557755470276
2486,一詮,2020,0.0,-0.006108521018177271
2488,漢平,2020,1.5,1.5744363069534302
2489,瑞軒,2020,0.13146157,0.35711535811424255
2491,吉祥全,2020,0.4,0.9119320511817932
2492,華新科,2020,6.0123848,6.401262283325195
2493,揚博,2020,2.5,2.371884822845459
2495,普安,2020,0.3,0.1684759110212326
2496,卓越,2020,4.52042894,4.2591023445129395
2497,怡利電,2020,0.0,0.004228330682963133
2498,宏達電,2020,0.0,-0.0112580182030797
2501,國建,2020,1.0,1.0043439865112305
2504,國產,2020,1.5,0.6117337942123413
2505,國揚,2020,2.5,2.6142477989196777
2506,太設,2020,0.4,0.07093636691570282
2509,全坤建,2020,1.5,1.3683464527130127
2511,太子,2020,0.4,0.34322306513786316
2514,龍邦,2020,0.0,1.5425317287445068
2515,中工,2020,0.233,0.23869068920612335
2516,新建,2020,0.0,0.015511319041252136
2520,冠德,2020,3.4,3.4865634441375732
2524,京城,2020,0.0,1.253938913345337
2527,宏璟,2020,1.4,1.1750365495681763
2528,皇普,2020,0.0,0.03143366053700447
2530,華建,2020,0.0,0.054446205496788025
2534,宏盛,2020,1.0,0.9620303511619568
2535,達欣工,2020,2.50826908,2.547576427459717
2536,宏普,2020,1.2,1.237000823020935
2537,聯上發,2020,0.4,0.43075233697891235
2538,基泰,2020,0.5,0.437823086977005
2539,櫻花建,2020,1.6,1.099493145942688
2540,愛山林,2020,1.0,1.8387730121612549
2542,興富發,2020,2.0,1.6809029579162598
2543,皇昌,2020,0.0,0.026246320456266403
2545,皇翔,2020,4.5,2.442417860031128
2546,根基,2020,3.6,3.5954577922821045
2547,日勝生,2020,0.62,0.6102181077003479
2548,華固,2020,7.0,6.8482866287231445
2596,綠意,2020,1.2,1.2012817859649658
2597,潤弘,2020,10.2,5.290566444396973
2601,益航,2020,0.0,-0.020079348236322403
2603,長榮,2020,2.48660241,3.6776914596557617
2605,新興,2020,0.5,0.448739618062973
2606,裕民,2020,1.2,1.1862579584121704
2607,榮運,2020,0.3,0.343604177236557
2608,嘉里大榮,2020,1.68,1.7239677906036377
2609,陽明,2020,0.0,0.0717059001326561
2610,華航,2020,0.0,0.1644166111946106
2611,志信,2020,0.0,0.04852231591939926
2612,中航,2020,1.6,1.432021141052246
2613,中櫃,2020,0.2,0.1885555535554886
2614,東森,2020,0.8,0.5050938725471497
2615,萬海,2020,2.0,2.311436176300049
2616,山隆,2020,2.2,2.1299967765808105
2617,台航,2020,0.9,0.901328444480896
2618,長榮航,2020,0.0,0.03659924119710922
2630,亞航,2020,0.29000000000000004,0.24151456356048584
2633,台灣高鐵,2020,1.05,0.7084087133407593
2634,漢翔,2020,0.2,0.30669105052948
2636,台驊投控,2020,3.2,3.197333574295044
2637,慧洋-KY,2020,1.5,1.3463423252105713
2640,大車隊,2020,4.4,4.198726654052734
2641,正德,2020,0.0,0.04561511054635048
2642,宅配通,2020,1.8,1.6231073141098022
2643,捷迅,2020,4.0,4.042459011077881
2701,萬企,2020,0.25,0.2759339213371277
2702,華園,2020,0.0,0.022739242762327194
2704,國賓,2020,0.0,0.3324653208255768
2705,六福,2020,0.0,0.03557559847831726
2706,第一店,2020,0.15,0.3416406214237213
2707,晶華,2020,4.38912,4.320864200592041
2712,遠雄來,2020,0.7,0.7035961151123047
2718,晶悅,2020,0.0,0.08834785223007202
2719,燦星旅,2020,0.0,0.0024884571321308613
2722,夏都,2020,0.5,0.6638328433036804
2723,美食-KY,2020,4.0,3.536217212677002
2724,富驛-KY,2020,0.0,0.009693744592368603
2726,雅茗-KY,2020,0.50004204,0.5250075459480286
2727,王品,2020,4.3040913,4.191858768463135
2729,瓦城,2020,14.5,6.815048694610596
2731,雄獅,2020,0.0,0.06600212305784225
2732,六角,2020,2.98409631,2.9200141429901123
2734,易飛網,2020,0.0,0.0020455135963857174
2736,高野,2020,0.2,0.21710240840911865
2739,寒舍,2020,0.0,0.03452472761273384
2740,天蔥,2020,0.0,-0.002980470657348633
2743,山富,2020,0.0,0.015841972082853317
2745,五福,2020,0.0,0.04205809161067009
2748,雲品,2020,1.0,1.0873005390167236
2752,豆府,2020,9.0,8.936902046203613
2754,亞洲藏壽司,2020,0.5,0.515790581703186
2755,揚秦,2020,2.0,2.072482109069824
2801,彰銀,2020,0.46,0.5416874289512634
2809,京城銀,2020,1.8,1.7469781637191772
2812,台中銀,2020,0.69,0.7219328880310059
2816,旺旺保,2020,0.8,0.696341872215271
2820,華票,2020,0.87,0.8433206677436829
2823,中壽,2020,0.8,1.0689290761947632
2832,台產,2020,1.1,1.1102049350738525
2834,臺企銀,2020,0.4400000000000001,0.5363427400588989
2836,高雄銀,2020,0.48,0.4066654145717621
2838,聯邦銀,2020,0.631,0.6934188008308411
2841,台開,2020,0.0,0.06993767619132996
2845,遠東銀,2020,0.517,0.5954045057296753
2849,安泰銀,2020,0.73,0.7092604041099548
2850,新產,2020,1.95,2.533557891845703
2851,中再保,2020,1.3,1.4479658603668213
2852,第一保,2020,0.35,0.30275988578796387
2855,統一證,2020,1.9,1.9426791667938232
2867,三商壽,2020,0.0,0.29774269461631775
2880,華南金,2020,0.529,0.5532234907150269
2881,富邦金,2020,3.0,2.9569215774536133
2882,國泰金,2020,2.5,2.3235411643981934
2883,開發金,2020,0.54973791,0.5197760462760925
2884,玉山金,2020,1.22,1.2361829280853271
2885,元大金,2020,1.2,1.1706256866455078
2886,兆豐金,2020,1.58,1.2824867963790894
2887,台新金,2020,1.00947476,0.8993296027183533
2888,新光金,2020,0.40014149,0.6910668015480042
2889,國票金,2020,1.0,0.8484420776367188
2890,永豐金,2020,0.7,0.8048965334892273
2891,中信金,2020,1.05,1.1219980716705322
2892,第一金,2020,1.0,1.0568244457244873
2897,王道銀行,2020,0.2,0.37330520153045654
2901,欣欣,2020,0.1754967,0.1549656242132187
2903,遠百,2020,1.1,1.1657767295837402
2904,匯僑,2020,2.0,1.9394431114196777
2905,三商,2020,1.0,1.1077464818954468
2906,高林,2020,0.3,0.34518733620643616
2908,特力,2020,1.07,1.0714205503463745
2910,統領,2020,0.5,0.5638094544410706
2911,麗嬰房,2020,0.0,-0.0016382518224418163
2912,統一超,2020,9.0,8.731983184814453
2913,農林,2020,0.0,0.07069521397352219
2915,潤泰全,2020,5.0,8.08630084991455
2916,滿心,2020,1.5,0.9559949040412903
2923,鼎固-KY,2020,1.2,0.8355767130851746
2924,東凌-KY,2020,0.0,-0.0004939988721162081
2926,誠品生活,2020,0.84,0.8606782555580139
2928,紅馬-KY,2020,0.0,0.026940373703837395
2929,淘帝-KY,2020,0.0,0.014664405956864357
2936,客思達-KY,2020,0.0,1.7571063041687012
2937,集雅社,2020,2.35,2.3172945976257324
2939,凱羿-KY,2020,2.0,0.6423836350440979
3002,歐格,2020,0.102,0.2629900574684143
3003,健和興,2020,1.2,1.2551995515823364
3004,豐達科,2020,0.5,1.0735387802124023
3005,神基,2020,3.58708898,3.251061201095581
3006,晶豪科,2020,2.0,2.212576389312744
3008,大立光,2020,91.5,89.86071014404297
3010,華立,2020,4.4,4.359743118286133
3011,今皓,2020,0.0,0.007312927395105362
3013,晟銘電,2020,0.3,0.31201013922691345
3014,聯陽,2020,6.0,5.449268341064453
3015,全漢,2020,3.0,3.1362767219543457
3016,嘉晶,2020,0.24955765,0.13863474130630493
3017,奇鋐,2020,2.8,2.8635811805725098
3018,同開,2020,0.0,2.9324903152883053e-05
3019,亞光,2020,1.0,1.0080136060714722
3021,鴻名,2020,0.7,0.6334607601165771
3022,威強電,2020,2.0,2.0974678993225098
3023,信邦,2020,6.3,6.391136646270752
3024,憶聲,2020,0.1,0.09997177869081497
3025,星通,2020,1.0,0.7584261298179626
3026,禾伸堂,2020,8.0,7.756564140319824
3027,盛達,2020,0.0,0.21028707921504974
3028,增你強,2020,1.9001532,1.9539127349853516
3029,零壹,2020,3.000667104,2.539625883102417
3030,德律,2020,3.3,3.5682790279388428
3031,佰鴻,2020,0.8,0.7643715143203735
3032,偉訓,2020,3.1,2.9947824478149414
3033,威健,2020,1.33341226,1.3976972103118896
3034,聯詠,2020,15.6,14.389578819274902
3035,智原,2020,1.0,0.9435265064239502
3036,文曄,2020,3.20270134,2.7392051219940186
3037,欣興,2020,1.4,1.4439281225204468
3038,全台,2020,1.2,1.165399193763733
3040,遠見,2020,5.7,5.58621072769165
3041,揚智,2020,0.0,0.010077522136271
3042,晶技,2020,3.8,3.648198366165161
3043,科風,2020,0.0,0.0028124013915657997
3044,健鼎,2020,7.35,7.393099308013916
3045,台灣大,2020,4.3,4.249178409576416
3046,建碁,2020,0.0,0.0056275115348398685
3047,訊舟,2020,0.29,0.3368077576160431
3048,益登,2020,2.9,2.4664363861083984
3049,和鑫,2020,0.3899999,0.3811121881008148
3050,鈺德,2020,0.6,0.6283465623855591
3051,力特,2020,0.0,-0.0085651446133852
3052,夆典,2020,0.8,1.302520990371704
3054,立萬利,2020,0.0,0.00996374897658825
3055,蔚華科,2020,0.2,0.22311724722385406
3056,總太,2020,4.4,3.6755638122558594
3057,喬鼎,2020,0.0,0.003383995732292533
3058,立德,2020,0.15,0.08006083965301514
3059,華晶科,2020,0.5,0.5605394840240479
3060,銘異,2020,0.0,-0.018229128792881966
3062,建漢,2020,0.15,0.16277183592319489
3064,泰偉,2020,0.0,-0.002951099304482341
3066,李洲,2020,0.0,0.007468452211469412
3067,全域,2020,0.0,-0.010966351255774498
3071,協禧,2020,1.6,1.05305016040802
3073,天方能源,2020,0.0,-0.006159313954412937
3078,僑威,2020,3.15,3.162619113922119
3081,聯亞,2020,5.0,5.137172222137451
3083,網龍,2020,0.0,0.01945960894227028
3085,新零售,2020,0.0,-0.006390912923961878
3086,華義,2020,0.0,-0.02248002216219902
3088,艾訊,2020,2.57013434,2.579118490219116
3089,元炬,2020,0.0,0.005560010205954313
3090,日電貿,2020,3.1,2.7282731533050537
3092,鴻碩,2020,1.376447076,1.1910706758499146
3093,港建,2020,4.2,4.126004695892334
3094,聯傑,2020,0.8,0.6250919699668884
3095,及成,2020,0.0,-0.001681144000031054
3105,穩懋,2020,10.0,9.817464828491211
3114,好德,2020,1.2,1.3108391761779785
3115,寶島極,2020,0.0,0.001811993308365345
3118,進階,2020,1.6,1.5320801734924316
3122,笙泉,2020,0.0,-0.004444470163434744
3128,昇銳,2020,0.55,0.568590521812439
3130,一零四,2020,7.8,7.645504951477051
3131,弘塑,2020,11.0,10.963340759277344
3138,耀登,2020,1.6,1.6354390382766724
3141,晶宏,2020,0.71157302,0.991548478603363
3144,新揚科,2020,1.6,1.649269461631775
3147,大綜,2020,2.1,2.0297179222106934
3149,正達,2020,0.0,-0.0028435327112674713
3152,璟德,2020,10.8,10.58430004119873
3162,精確,2020,0.0,0.005767476744949818
3163,波若威,2020,2.5,2.4332544803619385
3164,景岳,2020,0.7,0.7016763687133789
3167,大量,2020,3.0,2.9445695877075195
3169,亞信,2020,2.5,2.4920332431793213
3171,新洲,2020,1.85,1.7201776504516602
3176,基亞,2020,0.0,0.1253698617219925
3178,公準,2020,1.2,1.3697788715362549
3188,鑫龍騰,2020,0.3,0.2538285255432129
3189,景碩,2020,1.0,1.0726053714752197
3191,和進,2020,0.0,0.0006782354321330786
3202,樺晟,2020,0.0,-0.011244380846619606
3205,佰研,2020,0.0,0.03890286013484001
3206,志豐,2020,2.0,1.6411575078964233
3207,耀勝,2020,0.0,-0.0018685507820919156
3209,全科,2020,2.0,1.9722278118133545
3211,順達,2020,6.5,3.7331156730651855
3213,茂訊,2020,4.5,4.460102558135986
3217,優群,2020,5.6,5.4945783615112305
3218,大學光,2020,4.2,4.067487716674805
3219,倚強科技,2020,0.0,0.07220181077718735
3221,台嘉碩,2020,0.20027406,0.08252420276403427
3224,三顧,2020,0.0,0.0007098824717104435
3226,至寶電,2020,3.5,3.5836870670318604
3227,原相,2020,8.48313461,8.218576431274414
3228,金麗科,2020,0.0,-0.019076313823461533
3229,晟鈦,2020,0.0,-0.0017248836811631918
3230,錦明,2020,0.0,0.006015361286699772
3231,緯創,2020,2.2,2.224886178970337
3232,昱捷,2020,0.3,0.2890447676181793
3234,光環,2020,0.0,-0.003248065710067749
3236,千如,2020,0.65,0.4903746247291565
3252,海灣,2020,0.0,-0.028849702328443527
3257,虹冠電,2020,4.0,3.716214179992676
3259,鑫創,2020,0.0,-0.0011786568211391568
3260,威剛,2020,3.18428466,4.047962188720703
3264,欣銓,2020,2.0,1.9349042177200317
3265,台星科,2020,1.229384,1.2501145601272583
3266,昇陽,2020,0.0,0.5209066867828369
3268,海德威,2020,0.5,0.6931254863739014
3272,東碩,2020,1.8,1.7471389770507812
3276,宇環,2020,0.0,-0.007775117643177509
3284,太普高,2020,0.0,-0.010235470719635487
3285,微端,2020,0.35,0.5662096738815308
3287,廣寰科,2020,0.0,-0.005686803255230188
3288,點晶,2020,0.0,-0.0036152915563434362
3289,宜特,2020,3.13386956,2.900317668914795
3290,東浦,2020,0.2,0.3053903877735138
3293,鈊象,2020,42.0,41.51065444946289
3294,英濟,2020,0.5,0.43445268273353577
3296,勝德,2020,0.23,0.36241358518600464
3297,杭特,2020,0.0,0.047605209052562714
3303,岱稜,2020,1.4,1.1845532655715942
3305,昇貿,2020,1.36473113,0.8591242432594299
3306,鼎天,2020,0.5,0.47169002890586853
3308,聯德,2020,0.0,0.005621426738798618
3310,佳穎,2020,1.49894954,1.287611722946167
3311,閎暉,2020,0.0,0.12071604281663895
3312,弘憶股,2020,1.0,0.952377200126648
3313,斐成,2020,0.0,-0.0011530064512044191
3317,尼克森,2020,1.0,1.2009943723678589
3321,同泰,2020,0.0,0.0016529107233509421
3322,建舜電,2020,0.0,-0.018442843109369278
3323,加百裕,2020,2.5,2.7574992179870605
3324,雙鴻,2020,5.5,5.696316719055176
3325,旭品,2020,2.49999989,1.9313188791275024
3332,幸康,2020,1.0,1.7868950366973877
3338,泰碩,2020,1.7990987,1.6363122463226318
3339,泰谷,2020,0.0,0.0011777500621974468
3346,麗清,2020,0.16,0.22220320999622345
3354,律勝,2020,0.3,0.18369081616401672
3356,奇偶,2020,1.0008690999999998,1.104968547821045
3357,臺慶科,2020,4.1,4.144506454467773
3360,尚立,2020,1.0,0.7469432353973389
3362,先進光,2020,0.0,-0.01442680787295103
3363,上詮,2020,1.0,0.8659924864768982
3372,典範,2020,0.0,-0.0023677260614931583
3373,熱映,2020,10.0,10.194172859191895
3374,精材,2020,2.5,2.810927391052246
3376,新日興,2020,6.98330782,6.753474712371826
3379,彬台,2020,0.3,0.20172306895256042
3380,明泰,2020,1.0,0.9389723539352417
3383,新世紀,2020,0.0,-0.02084752917289734
3388,崇越電,2020,4.3,4.267361640930176
3390,旭軟,2020,0.2,0.003267801832407713
3402,漢科,2020,2.7,2.4076616764068604
3406,玉晶光,2020,9.9907,9.980393409729004
3413,京鼎,2020,7.0,7.1334967613220215
3416,融程電,2020,3.99955848,3.6439731121063232
3419,譁裕,2020,0.5,0.41814127564430237
3426,台興,2020,2.0,1.7637815475463867
3432,台端,2020,0.25,0.9027268290519714
3434,哲固,2020,0.0,0.026398997753858566
3437,榮創,2020,0.0,-0.026986626908183098
3438,類比科,2020,1.5,1.6164158582687378
3441,聯一光電,2020,0.5,0.4749806523323059
3443,創意,2020,5.0,4.690435886383057
3444,利機,2020,1.8,1.7362725734710693
3450,聯鈞,2020,1.4,1.3694289922714233
3454,晶睿,2020,2.0,2.000856399536133
3455,由田,2020,4.0,3.856328010559082
3465,進泰電子,2020,0.0,0.002886733040213585
3466,致振,2020,0.0,-0.0072450218722224236
3479,安勤,2020,2.58435269,2.565626859664917
3481,群創,2020,0.39883801,0.3653647303581238
3483,力致,2020,2.50000002,2.4651601314544678
3484,崧騰,2020,3.2,2.9824278354644775
3489,森寶,2020,0.3,0.36092790961265564
3490,單井,2020,0.7,0.836891233921051
3491,昇達科,2020,2.5,1.7581560611724854
3492,長盛,2020,0.28,0.3924761116504669
3494,誠研,2020,0.0,0.23478199541568756
3498,陽程,2020,0.0,0.12260136008262634
3499,環天科,2020,0.0,0.0028880489990115166
3501,維熹,2020,2.5,2.4969983100891113
3504,揚明光,2020,0.0,0.04896552488207817
3508,位速,2020,0.0,0.04830842837691307
3511,矽瑪,2020,0.25,0.6952202916145325
3512,皇龍,2020,2.0,1.5736119747161865
3515,華擎,2020,8.0,7.965696811676025
3516,亞帝歐,2020,0.2,0.21720044314861298
3518,柏騰,2020,0.0,0.053129468113183975
3520,華盈電子,2020,0.0,-0.010721136815845966
3521,鴻翊,2020,0.0,-0.005156512837857008
3522,御頂,2020,0.0,0.02007811702787876
3523,迎輝,2020,0.0,0.0007479082560166717
3526,凡甲,2020,9.13400405,7.496931552886963
3527,聚積,2020,2.0,1.14398992061615
3528,安馳,2020,2.9,2.1478309631347656
3529,力旺,2020,8.999,8.9901762008667
3530,晶相光,2020,2.7998184,2.801906108856201
3531,先益,2020,1.0,0.9736053943634033
3532,台勝科,2020,2.15,3.3211281299591064
3533,嘉澤,2020,13.3,13.400383949279785
3535,晶彩科,2020,0.0,-0.0022101495414972305
3536,誠創,2020,0.0,-0.0018670835997909307
3537,堡達,2020,2.5,1.5829154253005981
3540,曜越,2020,4.5,5.226705551147461
3541,西柏,2020,2.01554593,1.879127025604248
3543,州巧,2020,1.2,1.0864176750183105
3545,敦泰,2020,3.32,2.7397000789642334
3546,宇峻,2020,5.1805776109,4.761467933654785
3548,兆利,2020,2.5,2.6020214557647705
3550,聯穎,2020,0.5,0.5956255793571472
3551,世禾,2020,2.2,2.161710023880005
3552,同致,2020,1.5,1.5399580001831055
3555,重鵬,2020,0.0,0.006587550509721041
3556,禾瑞亞,2020,3.45,3.4745712280273438
3557,嘉威,2020,6.0,5.535948276519775
3558,神準,2020,4.0,4.003280162811279
3563,牧德,2020,12.0,11.937335968017578
3564,其陽,2020,0.6,0.622845470905304
3567,逸昌,2020,2.0,1.893159031867981
3570,大塚,2020,5.2,5.654987335205078
3576,聯合再生,2020,0.0,8.537201210856438e-05
3577,泓格,2020,0.7,0.7106420397758484
3580,友威科,2020,1.3,1.2379775047302246
3581,博磊,2020,0.9,1.0132416486740112
3583,辛耘,2020,1.85,2.5654451847076416
3587,閎康,2020,4.5,4.357473373413086
3588,通嘉,2020,1.106,1.1333268880844116
3591,艾笛森,2020,0.31947024,0.3256593644618988
3593,力銘,2020,0.0,-0.011122296564280987
3594,磐儀,2020,0.2,0.21854445338249207
3596,智易,2020,6.49850647,6.308615684509277
3597,映興,2020,1.2,0.9628738164901733
3605,宏致,2020,0.7,1.606302261352539
3607,谷崧,2020,0.0,-0.031702958047389984
3609,東林,2020,1.5,0.09767024219036102
3611,鼎翰,2020,10.0,9.963239669799805
3615,安可,2020,0.0,0.04158133268356323
3617,碩天,2020,5.4,5.177143573760986
3622,洋華,2020,1.0,0.8695311546325684
3623,富晶通,2020,0.0,0.00791996717453003
3624,光頡,2020,0.8,0.9152107238769531
3625,西勝,2020,0.0,-0.011672453954815865
3628,盈正,2020,1.0,0.9762611389160156
3629,地心引力,2020,0.0,0.2581753432750702
3630,新鉅科,2020,0.0,0.09036323428153992
3631,晟楠,2020,0.0,0.00870245136320591
3632,研勤,2020,0.0,0.0037144715897738934
3642,駿熠電,2020,0.0,0.0027965125627815723
3645,達邁,2020,1.5,1.6082628965377808
3646,艾恩特,2020,0.92,0.7715013027191162
3652,精聯,2020,0.15304912,0.24623626470565796
3653,健策,2020,6.0,6.049228668212891
3661,世芯-KY,2020,6.8,9.002812385559082
3663,鑫科,2020,0.8,0.618626594543457
3664,安瑞-KY,2020,0.0,-0.005170694552361965
3665,貿聯-KY,2020,8.02486316,6.645461559295654
3666,光耀,2020,2.0,1.8721948862075806
3669,圓展,2020,5.0,4.936171054840088
3672,康聯訊,2020,0.25,0.13320374488830566
3673,TPK-KY,2020,1.0,1.082230567932129
3675,德微,2020,2.0,1.8159397840499878
3679,新至陞,2020,10.0,6.3370161056518555
3680,家登,2020,4.86147979,4.750943660736084
3682,亞太電,2020,0.0,0.023582106456160545
3684,榮昌,2020,1.5,1.5254018306732178
3685,元創精密,2020,0.2,0.1166168674826622
3686,達能,2020,0.0,0.004132911562919617
3687,歐買尬,2020,0.59784687,0.6668546795845032
3689,湧德,2020,1.3,1.1761428117752075
3691,碩禾,2020,2.0,1.979769229888916
3693,營邦,2020,0.7,1.700516700744629
3694,海華,2020,0.0,-0.0699046328663826
3701,大眾控,2020,0.0,-0.027296682819724083
3702,大聯大,2020,3.1,3.083167791366577
3703,欣陸,2020,1.4,1.2900060415267944
3704,合勤控,2020,0.5,0.5352815389633179
3705,永信,2020,2.0,2.3212509155273438
3706,神達,2020,1.0,1.238710880279541
3707,漢磊,2020,0.0,6.776361260563135e-06
3708,上緯投控,2020,3.5,4.568116188049316
3709,鑫聯大投控,2020,1.4,1.453304648399353
3710,連展投控,2020,0.0,0.015804128721356392
3711,日月光投控,2020,4.2,3.8883137702941895
3712,永崴投控,2020,1.0,0.848723292350769
3713,新晶投控,2020,0.0,0.0073722489178180695
4102,永日,2020,0.1,0.16989293694496155
4104,佳醫,2020,3.5,2.9015464782714844
4105,東洋,2020,4.0,3.6662304401397705
4106,雃博,2020,0.55,0.6985918283462524
4107,邦特,2020,4.0,4.175642013549805
4108,懷特,2020,0.0,0.0003922546748071909
4109,加捷生醫,2020,0.0,0.001040602452121675
4111,濟生,2020,1.0,0.8863261938095093
4113,聯上,2020,0.3,0.23368006944656372
4114,健喬,2020,1.5,1.4340192079544067
4116,明基醫,2020,1.0,1.0274326801300049
4119,旭富,2020,2.5,3.1710946559906006
4120,友華,2020,1.5,1.5432648658752441
4121,優盛,2020,1.2,1.1999914646148682
4123,晟德,2020,2.5,6.041267395019531
4126,太醫,2020,4.2,3.887765407562256
4127,天良,2020,0.0,0.0025891480036079884
4128,中天,2020,0.0,-0.012430140748620033
4129,聯合,2020,0.83391139,0.7593600153923035
4130,健亞,2020,0.61,0.5765701532363892
4131,晶宇,2020,0.0,-0.009265050292015076
4133,亞諾法,2020,0.6,0.6881572008132935
4137,麗豐-KY,2020,8.5,8.191875457763672
4138,曜亞,2020,3.5,3.4258532524108887
4139,馬光-KY,2020,1.6,1.3707785606384277
4141,龍燈-KY,2020,0.0,0.014152253977954388
4142,國光生,2020,0.5,0.721707284450531
4147,中裕,2020,0.0,-0.009028458036482334
4148,全宇生技-KY,2020,1.0,1.0517890453338623
4152,台微體,2020,0.0,-0.0041738590225577354
4153,鈺緯,2020,0.26,0.3248951733112335
4154,康樂-KY,2020,0.0,-0.0031068180687725544
4155,訊映,2020,1.38886,0.9551678895950317
4157,太景*-KY,2020,0.0,0.023557251319289207
4160,創源,2020,0.0,0.014222011901438236
4161,聿新科,2020,0.3,0.04027743637561798
4162,智擎,2020,2.5,3.0991668701171875
4163,鐿鈦,2020,3.5,3.5384085178375244
4164,承業醫,2020,2.00660837,2.0040369033813477
4167,松瑞藥,2020,0.1331,-0.03709089383482933
4168,醣聯,2020,0.0,-0.009670734405517578
4171,瑞基,2020,3.53954176,3.491818904876709
4173,久裕,2020,0.56023613,0.48261937499046326
4174,浩鼎,2020,0.0,-0.011813261546194553
4175,杏一,2020,2.85,2.8871066570281982
4183,福永生技,2020,1.2,1.0725501775741577
4188,安克,2020,0.0,-0.0058936686255037785
4190,佐登-KY,2020,2.0,2.050227642059326
4192,杏國,2020,0.0,0.00550498254597187
4198,欣大健康,2020,0.0,-0.003118405118584633
4205,中華食,2020,3.0,3.0245628356933594
4207,環泰,2020,0.65,0.40380656719207764
4303,信立,2020,0.3,0.1588306874036789
4304,勝昱,2020,0.0,-0.0042449552565813065
4305,世坤,2020,1.8,1.7281361818313599
4306,炎洲,2020,1.217315,1.1979552507400513
4401,東隆興,2020,1.0,0.8706666231155396
4402,福大,2020,0.0,0.001668830867856741
4406,新昕纖,2020,0.0,0.000680590164847672
4413,飛寶企業,2020,0.0,-0.0014903413830325007
4414,如興,2020,0.0,-0.016344981268048286
4416,三圓,2020,0.0,0.40302228927612305
4417,金洲,2020,2.5,2.415297031402588
4419,元勝,2020,0.0,-0.0027822458650916815
4420,光明,2020,3.0,2.6005969047546387
4426,利勤,2020,0.0,0.08253718167543411
4429,聚紡,2020,0.0,-0.060711003839969635
4430,耀億,2020,0.5,0.42679598927497864
4432,銘旺實,2020,0.0,0.1078338623046875
4433,興采,2020,2.0,5.407208442687988
4438,廣越,2020,3.2,3.4643876552581787
4439,冠星-KY,2020,6.5,6.585755825042725
4502,健信,2020,0.0,0.003732651472091675
4503,金雨,2020,0.0,0.03548738732933998
4506,崇友,2020,3.0,2.870087146759033
4510,高鋒,2020,0.0,0.07955367118120193
4513,福裕,2020,0.0,-0.021987054497003555
4523,永彰,2020,0.0,0.023970145732164383
4526,東台,2020,0.0,0.11344282329082489
4527,方土霖,2020,2.0,1.9945894479751587
4528,江興鍛,2020,1.8,1.846445083618164
4529,淳紳,2020,0.0,0.004203096032142639
4530,宏易,2020,0.0,0.00043477225699461997
4532,瑞智,2020,0.7,0.6284934282302856
4533,協易機,2020,0.2,0.206222265958786
4534,慶騰,2020,0.0,-0.007956119254231453
4535,至興,2020,0.7,1.2284406423568726
4536,拓凱,2020,5.0,4.885354518890381
4538,大詠城,2020,0.8,0.7373133301734924
4540,全球傳動,2020,0.8,0.8453274369239807
4541,晟田,2020,0.2,0.0072491588070988655
4542,科嶠,2020,1.0,0.5340961217880249
4543,萬在,2020,0.0,0.15448589622974396
4545,銘鈺,2020,0.55,0.4767598807811737
4549,桓達,2020,4.5,4.453642845153809
4550,長佳,2020,1.68,1.4795660972595215
4551,智伸科,2020,4.0,4.079956531524658
4552,力達-KY,2020,1.11,1.20389723777771
4554,橙的,2020,0.14,0.13624732196331024
4555,氣立,2020,1.5,1.5558384656906128
4556,旭然,2020,0.45,0.4773372411727905
4557,永新-KY,2020,3.5,3.174621343612671
4560,強信-KY,2020,1.0,0.8545746803283691
4561,健椿,2020,0.9,0.9326156377792358
4562,穎漢,2020,0.0,0.013398759067058563
4563,百德,2020,0.0,0.004007043782621622
4564,元翎,2020,1.3,1.212373971939087
4566,時碩工業,2020,1.18748578,1.1845463514328003
4568,科際精密,2020,4.0,3.8506269454956055
4571,鈞興-KY,2020,3.6,4.1526265144348145
4572,駐龍,2020,5.0,1.5241926908493042
4576,大銀微系統,2020,0.4,0.87265545129776
4580,捷流閥業,2020,5.11,4.342660903930664
4581,光隆精密-KY,2020,2.0,1.9104435443878174
4609,唐鋒,2020,0.0,-0.0014839699724689126
4702,中美實,2020,0.0,0.2609252631664276
4706,大恭,2020,0.8,0.7000320553779602
4707,磐亞,2020,1.0,0.8674613237380981
4711,永純,2020,0.8,0.8177059888839722
4712,南璋,2020,0.0,-0.0021661759819835424
4714,永捷,2020,0.5,0.4673618674278259
4716,大立,2020,0.24486895,0.24678125977516174
4720,德淵,2020,0.5,0.5228549838066101
4721,美琪瑪,2020,1.39,1.326549768447876
4722,國精化,2020,2.0,1.9631763696670532
4726,永昕,2020,0.0,0.004194141365587711
4728,雙美,2020,4.0,2.485297203063965
4729,熒茂,2020,0.0,-0.0016726989997550845
4735,豪展,2020,9.0,8.96871566772461
4736,泰博,2020,11.5,11.525090217590332
4737,華廣,2020,2.06237678,1.7804818153381348
4739,康普,2020,1.2,1.2879292964935303
4741,泓瀚,2020,0.6,0.8092400431632996
4743,合一,2020,0.0,0.10546794533729553
4744,皇將,2020,1.2,1.0004487037658691
4745,合富-KY,2020,1.2,1.2671154737472534
4746,台耀,2020,0.0,0.6273412108421326
4747,強生,2020,1.92,1.9517632722854614
4754,國碳科,2020,2.1,2.091606616973877
4755,三福化,2020,3.0,2.899366617202759
4760,勤凱,2020,3.1737865000000003,3.261613130569458
4763,材料-KY,2020,7.0,7.0406928062438965
4764,雙鍵,2020,1.0,0.6614325642585754
4766,南寶,2020,7.0,6.80569314956665
4767,誠泰科技,2020,1.2,1.2698098421096802
4803,VHQ-KY,2020,0.0,0.03170130401849747
4804,大略-KY,2020,0.0,0.027075672522187233
4806,昇華,2020,0.0,-0.006708487868309021
4807,日成-KY,2020,0.5,0.6439542770385742
4903,聯光通,2020,0.0,0.0011074468493461609
4904,遠傳,2020,3.25,2.903394937515259
4905,台聯電,2020,1.0,0.9808852672576904
4906,正文,2020,1.95568,2.5674991607666016
4907,富宇,2020,1.2,0.9897254109382629
4908,前鼎,2020,1.1,1.1479483842849731
4909,新復興,2020,0.3,0.3211856782436371
4911,德英,2020,0.0,0.013890398666262627
4912,聯德控股-KY,2020,5.4256367225,5.466660499572754
4915,致伸,2020,3.00079733,2.7529995441436768
4916,事欣科,2020,0.5,0.0958421602845192
4919,新唐,2020,0.75804239,1.2576911449432373
4924,欣厚-KY,2020,0.0,0.07082277536392212
4927,泰鼎-KY,2020,3.0,4.330415725708008
4930,燦星網,2020,3.5,3.055124282836914
4931,新盛力,2020,0.9,0.8614394068717957
4933,友輝,2020,2.1875012000000003,2.111865997314453
4934,太極,2020,0.0,0.010786729864776134
4935,茂林-KY,2020,5.5,5.43842887878418
4938,和碩,2020,4.48877769,4.488567352294922
4939,亞電,2020,1.25,1.2052603960037231
4942,嘉彰,2020,2.5,3.530306577682495
4943,康控-KY,2020,0.1,0.14969094097614288
4944,兆遠,2020,0.0,0.0015726862475275993
4945,陞達科技,2020,1.60017295,1.4595839977264404
4946,辣椒,2020,0.0,0.0007834460120648146
4950,牧東,2020,0.0,-0.006229996681213379
4952,凌通,2020,2.4,2.4436910152435303
4953,緯軟,2020,4.98387241,4.974189281463623
4956,光鋐,2020,0.0,0.231368750333786
4958,臻鼎-KY,2020,4.5,5.051119327545166
4960,誠美材,2020,0.0,0.09552391618490219
4961,天鈺,2020,2.50029484,2.4268410205841064
4966,譜瑞-KY,2020,21.73111221,21.701553344726562
4967,十銓,2020,1.1,1.1913343667984009
4968,立積,2020,8.0,8.320863723754883
4971,IET-KY,2020,1.00004999,0.9662590026855469
4972,湯石照明,2020,2.4,2.2219698429107666
4973,廣穎,2020,1.0,1.0241029262542725
4974,亞泰,2020,3.5,3.591015100479126
4976,佳凌,2020,0.0,0.009316517040133476
4977,眾達-KY,2020,5.81113412,5.791133880615234
4979,華星光,2020,0.0,0.002908614929765463
4987,科誠,2020,3.5,3.5741143226623535
4989,榮科,2020,0.6,0.24938087165355682
4991,環宇-KY,2020,0.0,0.01981012150645256
4994,傳奇,2020,3.0,2.9788219928741455
4995,晶達,2020,1.79935464,1.5780149698257446
4999,鑫禾,2020,3.0,3.1039273738861084
5007,三星,2020,2.0,1.6289564371109009
5009,榮剛,2020,0.4,0.3720969557762146
5011,久陽,2020,0.0,-0.008035247214138508
5013,強新,2020,0.5,0.6097924113273621
5014,建錩,2020,0.0,0.2728799879550934
5015,華祺,2020,1.9,1.6784578561782837
5016,松和,2020,2.0,1.9969125986099243
5102,富強,2020,0.7,0.7068408131599426
5201,凱衛,2020,2.8,2.5286381244659424
5202,力新,2020,0.0,0.02336503006517887
5203,訊連,2020,2.26212843,2.2303242683410645
5205,中茂,2020,0.0,-0.0009143151110038161
5206,坤悅,2020,1.3,1.6789519786834717
5209,新鼎,2020,4.0,3.7417633533477783
5210,寶碩,2020,0.0,-0.004774789791554213
5211,蒙恬,2020,0.0,0.03740298002958298
5212,凌網,2020,2.85,2.4152727127075195
5213,亞昕,2020,1.99559743,1.8024744987487793
5215,科嘉-KY,2020,8.0,9.325079917907715
5220,萬達光電,2020,3.0,3.1381266117095947
5223,安力-KY,2020,3.41459762,3.809140205383301
5225,東科-KY,2020,0.0,0.04103103280067444
5227,立凱-KY,2020,0.0,-0.004894549027085304
5230,雷笛克光學,2020,0.6,0.5343942046165466
5234,達興材料,2020,5.0,4.617361545562744
5243,乙盛-KY,2020,1.7,1.518425464630127
5245,智晶,2020,1.0,1.1439733505249023
5251,天鉞電,2020,0.0,0.00920739397406578
5258,虹堡,2020,0.6,1.7679096460342407
5263,智崴,2020,0.0,0.0057054925709962845
5269,祥碩,2020,24.0,23.845396041870117
5272,笙科,2020,0.0,-0.03610910847783089
5274,信驊,2020,26.0,26.078306198120117
5276,達輝-KY,2020,0.0,0.20199432969093323
5278,尚凡,2020,10.89959684,8.412650108337402
5281,大峽谷-KY,2020,0.8,0.8270809054374695
5283,禾聯碩,2020,8.0,8.148198127746582
5284,jpp-KY,2020,2.1,2.206369400024414
5285,界霖,2020,2.411562,1.0791949033737183
5287,數字,2020,13.83087439,13.587878227233887
5288,豐祥-KY,2020,4.0,4.193098068237305
5289,宜鼎,2020,6.69560253,6.712478160858154
5291,邑昇,2020,1.1,1.2174396514892578
5299,杰力,2020,6.4967752,6.84354305267334
5301,寶得利,2020,0.0,-0.00017608748748898506
5302,太欣,2020,0.0,-0.005743994377553463
5306,桂盟,2020,7.2,7.1629862785339355
5309,系統電,2020,0.0,0.015147938393056393
5310,天剛,2020,0.0,0.0024638669565320015
5312,寶島科,2020,4.0,2.911426305770874
5314,世紀,2020,0.0,-0.0035945831332355738
5315,光聯,2020,0.82082796,0.8861513137817383
5321,友銓,2020,0.0,0.005063906777650118
5324,士開,2020,0.0,0.024709219112992287
5328,華容,2020,0.0,0.006183978170156479
5340,建榮,2020,0.0,-0.019104814156889915
5344,立衛,2020,0.0,0.006928173825144768
5345,天揚,2020,0.0,-0.003805134678259492
5347,世界,2020,3.5,3.278493642807007
5348,系通,2020,0.0,-0.0031974734738469124
5351,鈺創,2020,0.0,0.01635107398033142
5353,台林,2020,0.85,0.7961604595184326
5355,佳總,2020,0.0,-0.0070038409903645515
5356,協益,2020,2.2,2.172548294067383
5364,力麗店,2020,0.0,-0.0002562538720667362
5371,中光電,2020,4.0,3.855466842651367
5381,合正,2020,0.0,-0.0012723715044558048
5383,金利,2020,0.0,0.004384953062981367
5386,青雲,2020,0.8,0.873685359954834
5388,中磊,2020,2.599999,2.611126184463501
5392,應華,2020,0.3,0.4022161066532135
5398,慕康生醫,2020,0.25,0.2278544157743454
5403,中菲,2020,3.499999992,3.4129199981689453
5410,國眾,2020,1.7,1.654773473739624
5425,台半,2020,1.5,1.587707281112671
5426,振發,2020,0.0,0.03836558014154434
5432,達威,2020,0.0,0.07726648449897766
5434,崇越,2020,8.0,7.960792064666748
5438,東友,2020,0.1,0.058146607130765915
5439,高技,2020,2.5,2.548903226852417
5443,均豪,2020,1.0,0.9325079917907715
5450,南良,2020,0.0,0.026008086279034615
5452,佶優,2020,0.6,0.5982237458229065
5455,昇益,2020,0.0,-0.0006561605259776115
5457,宣德,2020,2.1,2.1815805435180664
5460,同協,2020,0.1,0.12027765810489655
5464,霖宏,2020,0.0,0.005162280052900314
5465,富驊,2020,1.15,0.7972723245620728
5468,凱鈺,2020,0.0,-0.011318352073431015
5469,瀚宇博,2020,2.2,3.4117047786712646
5471,松翰,2020,5.7,5.223647117614746
5474,聰泰,2020,10.0,10.009653091430664
5475,德宏,2020,0.0,0.00967428833246231
5478,智冠,2020,6.0,5.330397605895996
5481,新華,2020,0.4,0.8963319659233093
5483,中美晶,2020,9.0,8.65506649017334
5484,慧友,2020,0.0,-0.0015998685266822577
5487,通泰,2020,1.1,1.0921152830123901
5488,松普,2020,0.0,0.0023913125041872263
5489,彩富,2020,1.0,0.3709825277328491
5490,同亨,2020,2.0,1.6782779693603516
5493,三聯,2020,2.0,1.9441286325454712
5498,凱崴,2020,0.6000000000000001,0.3428908586502075
5508,永信建,2020,3.3406,3.028233051300049
5511,德昌,2020,2.0,2.1434102058410645
5512,力麒,2020,0.33,0.4706694185733795
5514,三豐,2020,1.2,1.0285571813583374
5515,建國,2020,0.8,0.7127145528793335
5516,雙喜,2020,1.0,2.014028549194336
5519,隆大,2020,1.8,1.616409420967102
5520,力泰,2020,3.55,3.1309633255004883
5521,工信,2020,1.13,1.0194209814071655
5522,遠雄,2020,4.5,2.997359037399292
5523,豐謙,2020,0.5,0.31335681676864624
5525,順天,2020,0.5,0.46082183718681335
5529,志嘉,2020,0.0,0.002982786390930414
5530,龍巖,2020,1.2,1.2466354370117188
5531,鄉林,2020,0.0,0.002191652776673436
5533,皇鼎,2020,0.6,0.6591068506240845
5534,長虹,2020,5.0,4.9984636306762695
5536,聖暉,2020,12.0,10.077108383178711
5538,東明-KY,2020,1.77737682,1.7441388368606567
5543,桓鼎-KY,2020,1.00000005,0.7839681506156921
5546,永固-KY,2020,5.83134093,7.39702033996582
5601,台聯櫃,2020,0.25,0.26950803399086
5603,陸海,2020,1.3,1.2566258907318115
5604,中連貨,2020,7.95,7.849903106689453
5607,遠雄港,2020,1.2,1.2389395236968994
5608,四維航,2020,0.0,0.10050265491008759
5609,中菲行,2020,6.0,6.353249549865723
5701,劍湖山,2020,0.0,0.006026329006999731
5703,亞都,2020,0.0,0.0009079417213797569
5704,老爺知,2020,2.2,1.9956974983215332
5706,鳳凰,2020,0.3,0.33440297842025757
5820,日盛金,2020,0.5501477,0.5718196630477905
5864,致和證,2020,1.2,1.4487700462341309
5871,中租-KY,2020,5.5,5.626704216003418
5876,上海商銀,2020,1.7,1.7475876808166504
5878,台名,2020,3.2,3.098553419113159
5880,合庫金,2020,1.05,1.0403058528900146
5902,德記,2020,0.0,-0.019957317039370537
5903,全家,2020,7.5,7.5131916999816895
5904,寶雅,2020,19.0,18.766958236694336
5905,南仁湖,2020,0.2,0.2387302964925766
5906,台南-KY,2020,1.0,0.6247900128364563
5907,大洋-KY,2020,1.0,0.011572936549782753
6005,群益證,2020,1.1,1.1268165111541748
6015,宏遠證,2020,0.5,0.8164522051811218
6016,康和證,2020,1.22,1.1930747032165527
6020,大展證,2020,0.72252442,0.6757582426071167
6021,大慶證,2020,0.0,0.27915632724761963
6023,元大期,2020,2.8,2.7281410694122314
6024,群益期,2020,2.87,2.7589452266693115
6026,福邦證,2020,0.7013955199999999,0.7195453643798828
6101,寬魚國際,2020,0.0,-0.0028366183396428823
6103,合邦,2020,0.0,-0.002139458665624261
6104,創惟,2020,3.0,2.883486747741699
6108,競國,2020,0.5,0.39205604791641235
6109,亞元,2020,0.0,0.0250219888985157
6111,大宇資,2020,0.6000000000000001,0.5916936993598938
6112,聚碩,2020,2.5,2.6767261028289795
6113,亞矽,2020,0.0,0.008286291733384132
6114,久威,2020,0.7,0.7084521651268005
6115,鎰勝,2020,2.8,2.580838918685913
6116,彩晶,2020,0.5,0.5810038447380066
6117,迎廣,2020,0.0,0.0291451383382082
6118,建達,2020,0.0,0.031229699030518532
6120,達運,2020,0.0,-0.0012445183238014579
6121,新普,2020,19.1,19.067935943603516
6122,擎邦,2020,0.3,0.34254714846611023
6123,上奇,2020,3.97707912,3.807645082473755
6124,業強,2020,0.0,0.33672216534614563
6125,廣運,2020,1.5,0.9730870723724365
6126,信音,2020,1.4,1.2630995512008667
6127,九豪,2020,0.0,0.03942044451832771
6128,上福,2020,1.0,1.117140531539917
6129,普誠,2020,0.0,-0.007314985152333975
6130,星寶國際,2020,0.0,-0.00669882632791996
6133,金橋,2020,0.0,0.028655990958213806
6134,萬旭,2020,0.0,0.05974547192454338
6136,富爾特,2020,1.1,1.1445086002349854
6138,茂達,2020,5.20099318,4.284035682678223
6139,亞翔,2020,1.0,1.027349829673767
6140,訊達,2020,0.0,0.8164768815040588
6141,柏承,2020,0.5,1.6038212776184082
6142,友勁,2020,0.0,0.0036763204261660576
6143,振曜,2020,2.0,2.2654991149902344
6144,得利影,2020,0.0,-0.009801283478736877
6146,耕興,2020,6.8,6.765941143035889
6147,頎邦,2020,3.8,3.6907427310943604
6148,驊宏資,2020,0.810448,0.8959236741065979
6150,撼訊,2020,0.5,0.5938644409179688
6151,晉倫,2020,1.8,1.689516305923462
6152,百一,2020,0.0,0.015783783048391342
6153,嘉聯益,2020,0.5,0.9242607951164246
6154,順發,2020,0.55,0.6800520420074463
6155,鈞寶,2020,0.75,0.5987124443054199
6156,松上,2020,0.5,0.6407352089881897
6158,禾昌,2020,0.5,0.7537420988082886
6160,欣技,2020,0.0,0.035588666796684265
6161,捷波,2020,1.6,1.350675344467163
6163,華電網,2020,0.0,0.09054742753505707
6164,華興,2020,0.0,0.045045480132102966
6165,浪凡,2020,0.0,-0.02176017314195633
6166,凌華,2020,1.0,0.9777963161468506
6167,久正,2020,0.0,-0.007430580444633961
6168,宏齊,2020,0.7,0.5888693332672119
6169,昱泉,2020,0.0,-0.0014472464099526405
6170,統振,2020,1.4,1.2920433282852173
6171,亞銳士,2020,2.5,2.4210550785064697
6172,互億,2020,0.2,0.19499710202217102
6173,信昌電,2020,2.00934579,2.0728187561035156
6174,安碁,2020,0.0,0.07850953936576843
6175,立敦,2020,1.0751945,1.1103428602218628
6176,瑞儀,2020,8.0,7.694619178771973
6177,達麗,2020,0.2,0.3184429705142975
6179,亞通,2020,1.87970108,1.7443568706512451
6180,橘子,2020,4.0,3.701512575149536
6182,合晶,2020,1.1,0.9936890602111816
6183,關貿,2020,1.81,1.727871298789978
6184,大豐電,2020,3.0,3.115109443664551
6185,幃翔,2020,0.2,0.16909177601337433
6186,新潤,2020,1.75,1.994401454925537
6187,萬潤,2020,3.0,2.675450325012207
6188,廣明,2020,1.0,0.543271541595459
6189,豐藝,2020,2.8,2.639071226119995
6190,萬泰科,2020,1.00773399,0.8788514733314514
6191,精成科,2020,0.8,1.3806453943252563
6192,巨路,2020,3.4,3.3967220783233643
6194,育富,2020,1.5,1.5877230167388916
6195,詩肯,2020,3.93825315,3.7767763137817383
6196,帆宣,2020,3.5,3.4981493949890137
6197,佳必琪,2020,2.9,2.5630650520324707
6198,凌泰,2020,0.0,0.006101533770561218
6199,天品,2020,0.0,0.2848970592021942
6201,亞弘電,2020,3.0,2.925556182861328
6202,盛群,2020,4.56,3.318958044052124
6203,海韻電,2020,5.0,4.253779411315918
6204,艾華,2020,10.0,1.2287276983261108
6205,詮欣,2020,1.5,1.5123202800750732
6206,飛捷,2020,4.0,3.9036669731140137
6207,雷科,2020,1.5,1.2583057880401611
6208,日揚,2020,1.98999861,1.4774446487426758
6209,今國光,2020,0.0,0.08633914589881897
6210,慶生,2020,3.0,2.7678916454315186
6212,理銘,2020,3.0,1.9168025255203247
6213,聯茂,2020,5.0,5.065746784210205
6214,精誠,2020,5.0,5.023761749267578
6215,和椿,2020,0.5,0.6039724349975586
6216,居易,2020,1.50342542,1.1976637840270996
6217,中探針,2020,1.04926888,1.037390947341919
6218,豪勉,2020,1.0,0.7775084972381592
6219,富旺,2020,2.0,1.4319075345993042
6220,岳豐,2020,1.00020922,1.160304307937622
6221,晉泰,2020,4.0,3.632694959640503
6222,上揚,2020,0.0,0.011022699065506458
6223,旺矽,2020,4.47006388,4.413565158843994
6224,聚鼎,2020,4.25,4.2125372886657715
6225,天瀚,2020,0.0,-0.00193485536146909
6226,光鼎,2020,0.0,0.0009346178267151117
6227,茂綸,2020,1.5,1.60889732837677
6228,全譜,2020,0.0,-0.008322542533278465
6229,研通,2020,1.02,1.0395976305007935
6230,尼得科超眾,2020,1.36,2.072829246520996
6231,系微,2020,3.5,3.310410261154175
6233,旺玖,2020,0.0,-0.004544314928352833
6234,高僑,2020,0.6,0.6035051345825195
6235,華孚,2020,0.59809429,0.7238795161247253
6236,康呈,2020,0.0,0.002622265135869384
6237,驊訊,2020,1.0,1.7000946998596191
6239,力成,2020,5.0,5.067467212677002
6240,松崗,2020,0.0,0.022945238277316093
6241,易通展,2020,0.0,-0.0033357632346451283
6242,立康,2020,2.8,1.8351982831954956
6243,迅杰,2020,0.0,0.002603346249088645
6244,茂迪,2020,0.2,0.10464893281459808
6245,立端,2020,3.3282782,3.4741201400756836
6246,臺龍,2020,0.0,0.1248631626367569
6247,淇譽電,2020,0.0,-0.007852163165807724
6248,沛波,2020,1.19857918,1.1222001314163208
6251,定穎,2020,0.4,0.8024024367332458
6257,矽格,2020,2.86562727,2.7026915550231934
6259,百徽,2020,0.0,0.08987820148468018
6261,久元,2020,4.0,3.3267340660095215
6263,普萊德,2020,4.0,3.5268943309783936
6264,富裔,2020,0.0,0.013286714442074299
6265,方土昶,2020,0.0,-0.001395528670400381
6266,泰詠,2020,1.38,1.2687411308288574
6269,台郡,2020,5.11662105,5.16145658493042
6270,倍微,2020,1.2,0.860282838344574
6271,同欣電,2020,5.5,5.069952964782715
6274,台燿,2020,4.8013887,4.243536472320557
6275,元山,2020,1.5,1.47806715965271
6276,安鈦克,2020,3.0,2.762171983718872
6277,宏正,2020,5.5,9.142648696899414
6278,台表科,2020,3.3,3.280019998550415
6279,胡連,2020,4.0,4.897542953491211
6281,全國電,2020,5.0,4.566995620727539
6282,康舒,2020,1.2,1.2616617679595947
6283,淳安,2020,0.0,0.009276870638132095
6284,佳邦,2020,1.0,1.1598832607269287
6285,啟碁,2020,2.50122691,2.759744167327881
6287,元隆,2020,0.0,-0.0009525124914944172
6288,聯嘉,2020,0.7,0.5615128874778748
6289,華上,2020,0.0,-0.0006751838373020291
6290,良維,2020,3.5,3.512308120727539
6291,沛亨,2020,0.0,0.02683660387992859
6292,迅德,2020,2.7,2.294558048248291
6294,智基,2020,9.5,8.391098976135254
6404,通訊-KY,2020,0.0,-0.006362651474773884
6405,悅城,2020,0.6,0.73166424036026
6409,旭隼,2020,23.5,23.347511291503906
6411,晶焱,2020,5.0271,4.497481346130371
6412,群電,2020,4.0,3.837859869003296
6414,樺漢,2020,5.0,4.947047710418701
6415,矽力-KY,2020,10.46497049,10.44884204864502
6416,瑞祺電通,2020,3.65,3.7075724601745605
6417,韋僑,2020,1.3,1.5015559196472168
6418,詠昇,2020,0.2,0.30028411746025085
6419,京晨科,2020,0.0,0.02288885973393917
6425,易發,2020,0.5,0.0854581892490387
6426,統新,2020,2.5,2.638246536254883
6431,光麗-KY,2020,0.0,0.006666379049420357
6432,今展科,2020,1.6,1.945273756980896
6435,大中,2020,5.0,4.867486000061035
6438,迅得,2020,4.14460998,4.124917030334473
6441,廣錠,2020,0.0,0.11198696494102478
6442,光聖,2020,1.0,0.3112353980541229
6443,元晶,2020,0.0,0.004840857814997435
6446,藥華藥,2020,0.0,0.006239366251975298
6449,鈺邦,2020,1.9,2.0263631343841553
6451,訊芯-KY,2020,4.09633428,4.789395332336426
6456,GIS-KY,2020,4.0,3.949683904647827
6457,紘康,2020,6.3239429000000005,6.223188400268555
6461,益得,2020,0.0,-0.013590476475656033
6462,神盾,2020,15.0,14.262584686279297
6464,台數科,2020,3.1,3.429389238357544
6465,威潤,2020,0.0,0.014093885198235512
6469,大樹,2020,3.99017819,4.016990661621094
6470,宇智,2020,3.5,3.4165163040161133
6472,保瑞,2020,4.5,4.5793328285217285
6477,安集,2020,1.138177,1.1005561351776123
6482,弘煜科,2020,0.0,0.00895362813025713
6485,點序,2020,0.5,0.5591932535171509
6486,互動,2020,6.0,5.809350490570068
6488,環球晶,2020,18.0,18.4550838470459
6491,晶碩,2020,5.0,4.984353065490723
6492,生華科,2020,0.0,-0.007064789533615112
6494,九齊,2020,3.5,3.2076473236083984
6496,科懋,2020,1.0,0.9738964438438416
6499,益安,2020,0.0,0.09650731831789017
6504,南六,2020,12.0,12.223087310791016
6505,台塑化,2020,0.59,0.484904021024704
6506,雙邦,2020,0.8,0.7005658745765686
6508,惠光,2020,1.6,1.7643970251083374
6509,聚和,2020,1.0,1.1152609586715698
6510,精測,2020,12.0,18.58286476135254
6512,啟發電,2020,0.0,0.03777698427438736
6514,芮特-KY,2020,3.5,1.4945166110992432
6515,穎崴,2020,12.98350156,12.882827758789062
6516,勤崴國際,2020,0.13,0.21400083601474762
6523,達爾膚,2020,4.0,4.556941986083984
6525,捷敏-KY,2020,4.5,4.464794635772705
6527,明達醫,2020,1.4,1.4887806177139282
6530,創威,2020,1.0,0.8518674373626709
6531,愛普,2020,5.0,5.012083530426025
6532,瑞耘,2020,2.0,2.247048854827881
6533,晶心科,2020,0.741546,0.6827527284622192
6535,順藥,2020,0.0,-0.005183263216167688
6538,倉和,2020,7.0,7.275262355804443
6541,泰福-KY,2020,0.0,0.0012524136109277606
6542,隆中,2020,0.0,0.0020631549414247274
6547,高端疫苗,2020,0.0,0.000890400493517518
6548,長科*,2020,1.32,1.4080268144607544
6552,易華電,2020,1.5,1.409470558166504
6556,勝品,2020,2.0,1.980936050415039
6558,興能高,2020,0.3,0.480928897857666
6560,欣普羅,2020,4.5,4.636755466461182
6561,是方,2020,8.8,8.59228801727295
6568,宏觀,2020,7.0,6.959873676300049
6569,醫揚,2020,6.5,4.771374702453613
6570,維田,2020,1.0,0.8923887014389038
6573,虹揚-KY,2020,0.0,0.01925186812877655
6574,霈方,2020,1.38,1.2978672981262207
6576,逸達,2020,0.0,-0.05932909995317459
6577,勁豐,2020,5.0,4.781378746032715
6578,達邦蛋白,2020,0.2,0.3033674955368042
6579,研揚,2020,3.0,2.5667829513549805
6581,鋼聯,2020,3.0,2.965317964553833
6582,申豐,2020,10.0,9.968950271606445
6588,東典光電,2020,1.5,1.6720494031906128
6589,台康生技,2020,0.0,0.003903708653524518
6590,普鴻,2020,3.5,3.462277412414551
6591,動力-KY,2020,2.72785517,3.57680082321167
6592,和潤企業,2020,3.5,3.3114914894104004
6593,台灣銘板,2020,0.5,0.4051946997642517
6594,展匯科,2020,1.6,1.375528335571289
6596,寬宏藝術,2020,4.5,3.7592055797576904
6598,ABC-KY,2020,0.0,0.010771531611680984
6603,富強鑫,2020,0.1,0.10166574269533157
6605,帝寶,2020,1.4,1.4455114603042603
6609,瀧澤科,2020,0.8,0.4311307370662689
6612,奈米醫材,2020,0.1,0.3447937071323395
6613,朋億,2020,8.0,7.756283760070801
6615,慧智,2020,1.4,1.331951379776001
6616,特昇-KY,2020,2.0,1.9121389389038086
6624,萬年清,2020,0.0,0.031180351972579956
6625,必應,2020,0.0,0.017069539055228233
6629,泰金-KY,2020,4.48952372,4.468536853790283
6640,均華,2020,3.0,2.7243218421936035
6641,基士德-KY,2020,4.5,4.531418800354004
6642,富致,2020,1.8,1.8628302812576294
6643,M31,2020,8.0,7.917104721069336
6649,台生材,2020,0.0,0.00763316685333848
6651,全宇昕,2020,3.0,2.8541293144226074
6654,天正國際,2020,1.5,1.3945883512496948
6655,科定,2020,8.0,2.488128662109375
6661,威健生技,2020,1.1018,1.1887046098709106
6662,樂斯科,2020,2.0,2.3344790935516357
6664,群翊,2020,4.3,4.101578235626221
6666,羅麗芬-KY,2020,2.0,1.857477068901062
6667,信紘科,2020,1.65999999,1.509641170501709
6668,中揚光,2020,1.15,1.2376787662506104
6669,緯穎,2020,32.0,26.534961700439453
6670,復盛應用,2020,6.6,6.536573886871338
6671,三能-KY,2020,3.0,3.0457677841186523
6672,騰輝電子-KY,2020,3.2,3.154092311859131
6674,鋐寶科技,2020,1.0,0.8903642892837524
6679,鈺太,2020,4.99449475,5.005652904510498
6680,鑫創電子,2020,2.0,2.0440280437469482
6683,雍智科技,2020,5.5,8.812018394470215
6690,安碁資訊,2020,3.5,3.394676446914673
6697,東捷資訊,2020,2.0,1.907238245010376
6698,旭暉應材,2020,0.5,0.44805029034614563
6703,軒郁,2020,7.25,7.2025580406188965
6706,惠特,2020,4.0,3.887714147567749
6712,長聖,2020,0.0,-0.011340329423546791
6715,嘉基,2020,2.5,2.784466505050659
6716,應廣,2020,5.0,4.836192607879639
6727,亞泰金屬,2020,2.5,2.5052711963653564
6728,上洋,2020,4.2,4.635420322418213
6732,昇佳電子,2020,22.5,23.37201690673828
6733,博晟生醫,2020,0.0,0.0031188619323074818
6743,安普新,2020,2.93442622,2.7850801944732666
6747,亨泰光,2020,5.37434371,5.315058708190918
6751,智聯服務,2020,2.1,1.9877561330795288
6752,叡揚資訊,2020,2.2,2.5978095531463623
6754,匯僑設計,2020,2.8,2.7222647666931152
6756,威鋒電子,2020,4.5,3.3775453567504883
6762,達亞,2020,8.4,6.891702175140381
6767,台微醫,2020,0.0,-0.0008896833751350641
6768,志強-KY,2020,2.99999998,1.53262460231781
6776,展碁國際,2020,2.0,1.7166132926940918
6781,AES-KY,2020,5.3,5.922856330871582
6803,崑鼎,2020,11.00000592,10.779364585876465
7402,邑錡,2020,0.7,0.28902295231819153
7556,意德士,2020,2.4,2.421135425567627
8011,台通,2020,0.0,0.02634660340845585
8016,矽創,2020,7.5,7.4560651779174805
8021,尖點,2020,1.58,1.4732012748718262
8024,佑華,2020,0.0,0.014051809906959534
8027,鈦昇,2020,1.1887683999999998,1.4020317792892456
8028,昇陽半導體,2020,0.6,0.6400417685508728
8032,光菱,2020,1.0,0.9936211705207825
8033,雷虎,2020,0.0,-0.014058076776564121
8034,榮群,2020,0.0,0.017178144305944443
8038,長園科,2020,0.0,-0.0011245452333241701
8039,台虹,2020,2.5,2.5064921379089355
8040,九暘,2020,0.0,-0.0038291849195957184
8042,金山電,2020,0.7,0.6165933609008789
8043,蜜望實,2020,0.2,0.5396565198898315
8044,網家,2020,1.3136632,1.7681866884231567
8046,南電,2020,3.4,3.458106279373169
8047,星雲,2020,0.15,0.1761668622493744
8048,德勝,2020,2.3,2.251159429550171
8049,晶采,2020,1.65,1.7579960823059082
8050,廣積,2020,1.83197692,0.7536404132843018
8054,安國,2020,0.5,0.519239604473114
8059,凱碩,2020,0.0,-0.006887453142553568
8064,東捷,2020,0.2,0.3188875615596771
8066,來思達,2020,3.0,1.3573265075683594
8067,志旭,2020,0.0,0.005111577454954386
8068,全達,2020,0.0,0.002287396462634206
8069,元太,2020,2.68569507,2.2195522785186768
8070,長華*,2020,1.27732148,1.1915006637573242
8071,能率網通,2020,0.2,0.3575829267501831
8072,陞泰,2020,0.2,0.42065194249153137
8074,鉅橡,2020,1.0,0.9648733139038086
8076,伍豐,2020,0.5,0.2117326259613037
8077,洛碁,2020,0.0,0.027938809245824814
8080,永利聯合,2020,0.0,0.0046555353328585625
8081,致新,2020,9.5,8.296876907348633
8083,瑞穎,2020,10.0,9.931471824645996
8084,巨虹,2020,0.0,-0.003177703358232975
8085,福華,2020,0.0,-0.0017981692217290401
8086,宏捷科,2020,2.8,2.8311305046081543
8087,華鎂鑫,2020,0.0,-0.00552444439381361
8088,品安,2020,1.2,1.3783717155456543
8089,康全電訊,2020,1.9909838,2.0633387565612793
8091,翔名,2020,2.6,2.639195680618286
8092,建暐,2020,0.0,0.008381839841604233
8093,保銳,2020,0.0,0.018524589017033577
8096,擎亞,2020,0.4,0.36497464776039124
8097,常珵,2020,0.0,0.033934496343135834
8099,大世科,2020,1.35,1.3434475660324097
8101,華冠,2020,0.0,-0.0035989522002637386
8103,瀚荃,2020,1.4,1.5702427625656128
8104,錸寶,2020,3.0,1.881371021270752
8105,凌巨,2020,0.0,0.0013794200494885445
8107,大億金茂,2020,0.06744125,0.25560450553894043
8109,博大,2020,3.5,3.2056725025177
8110,華東,2020,0.2,0.2364587038755417
8111,立碁,2020,0.9,0.5361412763595581
8112,至上,2020,3.0,2.984610080718994
8114,振樺電,2020,1.5,1.4743711948394775
8121,越峰,2020,0.0,-0.0038123189006000757
8131,福懋科,2020,2.3,2.163729190826416
8147,正淩,2020,0.5,0.4024055004119873
8150,南茂,2020,2.2,2.010662317276001
8155,博智,2020,7.0,6.331182956695557
8163,達方,2020,2.5,2.1664693355560303
8171,天宇,2020,0.0,0.011037708260118961
8176,智捷,2020,0.0,0.003421581583097577
8182,加高,2020,1.5,1.5903879404067993
8183,精星,2020,0.8,0.8992157578468323
8201,無敵,2020,0.0,-0.002696126000955701
8210,勤誠,2020,4.00165478,4.1527557373046875
8213,志超,2020,3.5,4.047605514526367
8215,明基材,2020,0.7,0.7796118259429932
8222,寶一,2020,0.0,0.009233878925442696
8234,新漢,2020,0.8,0.7544844150543213
8240,華宏,2020,1.6,1.6586363315582275
8249,菱光,2020,1.3,1.1073721647262573
8255,朋程,2020,3.00085286,2.9694457054138184
8261,富鼎,2020,1.0,1.2929542064666748
8271,宇瞻,2020,2.02,2.2716476917266846
8277,商丞,2020,0.0,-0.006797252222895622
8279,生展,2020,3.5,3.5700368881225586
8284,三竹,2020,2.35704,2.243332862854004
8289,泰藝,2020,0.12,0.2086757868528366
8291,尚茂,2020,0.0,-0.009473610669374466
8299,群聯,2020,23.0,22.922189712524414
8341,日友,2020,8.2,7.454145908355713
8342,益張,2020,4.0,4.0516791343688965
8349,恒耀,2020,2.07821415,1.8934533596038818
8354,冠好,2020,0.3,0.41307035088539124
8358,金居,2020,2.0,1.9336366653442383
8367,建新國際,2020,1.5,1.8617337942123413
8374,羅昇,2020,0.6,0.6818269491195679
8383,千附,2020,2.5,2.3054399490356445
8390,金益鼎,2020,1.6,1.77505624294281
8401,白紗科,2020,0.66620387,0.6417976021766663
8403,盛弘,2020,1.0,1.0991055965423584
8404,百和興業-KY,2020,1.0,1.0609164237976074
8406,金可-KY,2020,6.0,5.947279930114746
8409,商之器,2020,0.0,-0.01023266464471817
8410,森田,2020,2.5,3.7108800411224365
8411,福貞-KY,2020,0.29,0.2721572816371918
8415,大國鋼,2020,1.4,0.8846698999404907
8416,實威,2020,7.0,6.994368076324463
8418,捷必勝-KY,2020,0.0,0.005530178546905518
8420,明揚,2020,0.8,0.9846799373626709
8421,旭源,2020,0.0,0.016141928732395172
8422,可寧衛,2020,10.0,9.769929885864258
8423,保綠-KY,2020,0.9,0.7847425937652588
8424,惠普,2020,4.0,3.8083884716033936
8426,紅木-KY,2020,0.0,0.1072673499584198
8427,基勝-KY,2020,0.0,-0.018881501629948616
8429,金麗-KY,2020,0.0,0.010054179467260838
8431,匯鑽科,2020,0.8,0.8874605894088745
8432,東生華,2020,1.8,1.7652955055236816
8433,弘帆,2020,2.0,1.9804818630218506
8435,鉅邁,2020,3.5,3.3371658325195312
8436,大江,2020,8.88,7.643195629119873
8437,大地-KY,2020,3.0,2.7194111347198486
8440,綠電,2020,0.3,0.6473288536071777
8442,威宏-KY,2020,0.0,0.057675477117300034
8443,阿瘦,2020,0.15,0.18975886702537537
8444,綠河-KY,2020,0.0,0.17592927813529968
8446,華研,2020,7.0,7.004171848297119
8450,霹靂,2020,0.0,0.014611207880079746
8454,富邦媒,2020,12.0,9.139967918395996
8455,大拓-KY,2020,0.0,0.13325853645801544
8462,柏文,2020,5.36563289,4.321765899658203
8463,潤泰材,2020,0.77,0.7226141095161438
8464,億豐,2020,10.0,9.98205280303955
8466,美吉吉-KY,2020,3.0,2.746181011199951
8467,波力-KY,2020,0.0,0.11591226607561111
8472,夠麻吉,2020,2.5,1.9820541143417358
8473,山林水,2020,1.7,1.667533278465271
8476,台境,2020,0.0,0.005090138874948025
8477,創業家,2020,1.935714,0.42365923523902893
8478,東哥遊艇,2020,1.0,0.9237068891525269
8480,泰昇-KY,2020,6.0,6.045822620391846
8481,政伸,2020,7.0,9.499560356140137
8482,商億-KY,2020,4.8,4.798868179321289
8488,吉源-KY,2020,0.3,0.3291735053062439
8489,三貝德,2020,0.7,0.4805333614349365
8499,鼎炫-KY,2020,8.0,8.033802032470703
8905,裕國,2020,0.3,0.2629854381084442
8906,花王,2020,0.1,0.05138170346617699
8908,欣雄,2020,1.6,1.5076090097427368
8916,光隆,2020,3.0,2.666733741760254
8917,欣泰,2020,2.5,2.0885376930236816
8921,沈氏,2020,0.418,0.5330318808555603
8923,時報,2020,0.85,0.8014675974845886
8924,大田,2020,5.0,4.945208549499512
8926,台汽電,2020,1.9,1.6879603862762451
8927,北基,2020,0.5,0.37741339206695557
8928,鉅明,2020,1.6,1.6158006191253662
8929,富堡,2020,0.5,0.6964573860168457
8930,青鋼,2020,0.5,0.5148458480834961
8931,大汽電,2020,1.4,0.914005696773529
8932,宏大,2020,0.0,0.026048433035612106
8933,愛地雅,2020,0.0,0.002133420202881098
8935,邦泰,2020,0.0,0.0006531556136906147
8936,國統,2020,0.25,0.4100702702999115
8937,合騏,2020,0.0,0.01245450135320425
8938,明安,2020,2.7,2.773420810699463
8940,新天地,2020,0.0,0.006755230948328972
8941,關中,2020,2.5,2.5020015239715576
8942,森鉅,2020,3.0,4.0037312507629395
8996,高力,2020,1.7,1.0607264041900635
9802,鈺齊-KY,2020,3.8,3.809857130050659
9902,台火,2020,0.3,0.42643284797668457
9904,寶成,2020,0.5,0.5076362490653992
9905,大華,2020,1.5,1.3504748344421387
9906,欣巴巴,2020,0.0,0.03027736023068428
9907,統一實,2020,0.53,0.42024046182632446
9908,大台北,2020,1.1,1.0889793634414673
9910,豐泰,2020,3.7,3.7351105213165283
9911,櫻花,2020,3.2,3.046823501586914
9912,偉聯,2020,0.0,-0.010067697614431381
9914,美利達,2020,7.0,7.032327175140381
9917,中保科,2020,5.0,4.701526641845703
9918,欣天然,2020,1.6,1.5255919694900513
9919,康那香,2020,3.0,3.078737258911133
9921,巨大,2020,8.0,7.905988693237305
9924,福興,2020,2.6,2.6412179470062256
9925,新保,2020,2.0,1.8283241987228394
9926,新海,2020,1.8,1.6690516471862793
9927,泰銘,2020,1.0,0.9662739038467407
9928,中視,2020,0.0,-0.0018044207245111465
9929,秋雨,2020,0.4,0.5054685473442078
9930,中聯資源,2020,2.0,1.9902360439300537
9931,欣高,2020,1.3,1.2401448488235474
9933,中鼎,2020,2.0,1.77592134475708
9934,成霖,2020,0.5,0.5596186518669128
9935,慶豐富,2020,0.88,1.1368107795715332
9937,全國,2020,2.3,1.7829787731170654
9938,百和,2020,3.0,3.029536008834839
9939,宏全,2020,3.6,3.5604803562164307
9940,信義,2020,1.7,1.5632996559143066
9941,裕融,2020,6.2,4.082286357879639
9942,茂順,2020,4.2,4.234275817871094
9943,好樂迪,2020,4.0,3.78965163230896
9944,新麗,2020,0.4,0.5075981616973877
9945,潤泰新,2020,5.0,3.496330499649048
9946,三發地產,2020,0.8,0.45288094878196716
9949,琉園,2020,0.0,-0.008111508563160896
9950,萬國通,2020,0.0,0.0028511499986052513
9951,皇田,2020,4.7,4.5195088386535645
9955,佳龍,2020,0.0,-0.007150525227189064
9958,世紀鋼,2020,4.0,3.0067548751831055
9960,邁達康,2020,1.0,0.953755795955658
9962,有益,2020,0.0,0.001174269593320787
