company_id,company_name,year,cash_dividend,cash_dividend_new
1101,台泥,2020,3.36811984,3.018674612045288
1102,亞泥,2020,3.46283787,3.4311509132385254
1103,嘉泥,2020,1.4,1.4239833354949951
1104,環泥,2020,1.1,1.1765488386154175
1108,幸福,2020,0.7,0.46624690294265747
1109,信大,2020,1.5,1.2017085552215576
1110,東泥,2020,0.1,0.1319311261177063
1201,味全,2020,0.53,0.5452091097831726
1203,味王,2020,1.1,1.0896127223968506
1210,大成,2020,2.7,2.177389621734619
1213,大飲,2020,0.0,-0.020637083798646927
1215,卜蜂,2020,4.5,3.2900540828704834
1216,統一,2020,2.7,2.3384580612182617
1217,愛之味,2020,0.0,0.1975647360086441
1218,泰山,2020,1.4,1.314154863357544
1219,福壽,2020,1.0,1.1006251573562622
1220,台榮,2020,1.0,0.9644398093223572
1225,福懋油,2020,1.4,1.4365513324737549
1227,佳格,2020,2.5,2.416048765182495
1229,聯華,2020,1.7,1.5994038581848145
1231,聯華食,2020,1.6,1.8396250009536743
1232,大統益,2020,6.0,5.657475471496582
1233,天仁,2020,0.8,0.4962708055973053
1234,黑松,2020,1.8,1.8725911378860474
1235,興泰,2020,1.5,0.6430779099464417
1236,宏亞,2020,0.2,0.16246967017650604
1240,茂生農經,2020,2.0,1.9958809614181519
1256,鮮活果汁-KY,2020,12.0,9.492353439331055
1258,其祥-KY,2020,0.0,-0.0016294801607728004
1259,安心,2020,3.0,2.628880500793457
1264,德麥,2020,12.0,12.101812362670898
1268,漢來美食,2020,7.0,6.904160976409912
1301,台塑,2020,2.4,1.9928908348083496
1303,南亞,2020,2.4,2.3169023990631104
1304,台聚,2020,1.0,0.8690025806427002
1305,華夏,2020,1.8,1.2557239532470703
1307,三芳,2020,0.5,0.39974647760391235
1308,亞聚,2020,1.2,1.1768418550491333
1309,台達化,2020,2.0,2.10695743560791
1310,台苯,2020,0.5,0.5124521255493164
1312,國喬,2020,0.1,2.324640989303589
1313,聯成,2020,1.0,0.9090728759765625
1314,中石化,2020,0.0,0.04651015251874924
1315,達新,2020,8.0,8.437999725341797
1316,上曜,2020,0.0,0.009055938571691513
1319,東陽,2020,0.8,1.2969470024108887
1321,大洋,2020,1.0,0.9826213121414185
1323,永裕,2020,1.6,1.9301599264144897
1324,地球,2020,0.3,0.24602268636226654
1325,恒大,2020,12.0,11.980630874633789
1326,台化,2020,2.5,2.558922290802002
1336,台翰,2020,1.5,0.9956138730049133
1337,再生-KY,2020,0.0,-0.004372674971818924
1338,廣華-KY,2020,3.5,3.409191370010376
1339,昭輝,2020,2.0,1.8619369268417358
1340,勝悅-KY,2020,0.0,-0.03167298063635826
1341,富林-KY,2020,6.0,5.870706558227539
1342,八貫,2020,2.5,2.4121651649475098
1402,遠東新,2020,1.35,1.2079969644546509
1409,新纖,2020,1.1,1.1367188692092896
1410,南染,2020,0.9,0.8933884501457214
1413,宏洲,2020,0.0,-0.005580967292189598
1414,東和,2020,0.246,0.2574692368507385
1416,廣豐,2020,0.5,0.3627500534057617
1417,嘉裕,2020,0.3,0.1731964498758316
1418,東華,2020,0.0,0.01184434536844492
1419,新紡,2020,1.0,1.0012378692626953
1423,利華,2020,1.8,1.8774532079696655
1432,大魯閣,2020,0.0,0.04567039757966995
1434,福懋,2020,1.0,1.0870281457901
1435,中福,2020,0.0,-0.0044726040214300156
1436,華友聯,2020,2.0,1.6351240873336792
1437,勤益控,2020,0.7,0.8263528347015381
1438,三地開發,2020,0.0,0.014591547660529613
1439,中和,2020,0.0,0.1838933825492859
1440,南紡,2020,0.35,0.3913334906101227
1441,大東,2020,0.0,-0.012555073946714401
1442,名軒,2020,0.5,0.36383891105651855
1443,立益,2020,0.0,0.0030354231130331755
1444,力麗,2020,0.0,-0.0019027241505682468
1445,大宇,2020,0.2,0.06685241311788559
1446,宏和,2020,0.3,0.09798301756381989
1447,力鵬,2020,0.0,0.01709415204823017
1449,佳和,2020,0.0,0.05123765766620636
1451,年興,2020,0.6,0.5172943472862244
1452,宏益,2020,0.7,0.6568853855133057
1453,大將,2020,0.0,0.13620656728744507
1454,台富,2020,0.2,0.055537253618240356
1455,集盛,2020,0.3,0.1221541091799736
1456,怡華,2020,0.0,0.5727641582489014
1457,宜進,2020,1.5,1.6189210414886475
1459,聯發,2020,0.0,-0.011423409916460514
1460,宏遠,2020,0.0,0.005953860469162464
1463,強盛,2020,0.3,0.3353530764579773
1464,得力,2020,0.3,0.16672992706298828
1465,偉全,2020,0.3,0.3480398952960968
1466,聚隆,2020,0.0,0.12188021093606949
1467,南緯,2020,0.7,0.548819899559021
1468,昶和,2020,0.0,0.007071950938552618
1470,大統新創,2020,0.42,0.3488268256187439
1471,首利,2020,0.0,0.005845861509442329
1472,三洋實業,2020,0.0,-0.001872106920927763
1473,台南,2020,0.2,0.0799802914261818
1474,弘裕,2020,0.4,0.43672510981559753
1475,業旺,2020,0.0,0.0184242632240057
1476,儒鴻,2020,11.0,11.067712783813477
1477,聚陽,2020,8.0,7.972160816192627
1503,士電,2020,1.6,1.6078392267227173
1504,東元,2020,1.15,1.1098421812057495
1506,正道,2020,0.0,0.02260161191225052
1507,永大,2020,1.9,1.9101238250732422
1512,瑞利,2020,0.0,0.0023649518843740225
1513,中興電,2020,2.2,2.1163532733917236
1514,亞力,2020,0.7,1.0225025415420532
1515,力山,2020,3.6,3.5193254947662354
1516,川飛,2020,0.3748767,0.36410537362098694
1517,利奇,2020,0.35,0.3816794157028198
1519,華城,2020,1.3,0.9518721699714661
1521,大億,2020,1.3,1.3800265789031982
1522,堤維西,2020,0.6,0.6804028749465942
1524,耿鼎,2020,0.21,0.11173299700021744
1525,江申,2020,2.2,2.1882455348968506
1526,日馳,2020,1.8,1.4208309650421143
1527,鑽全,2020,2.35,1.6342231035232544
1528,恩德,2020,0.1,0.048447880893945694
1529,樂士,2020,0.5,0.22741740942001343
1530,亞崴,2020,2.5,2.4370241165161133
1531,高林股,2020,0.2,0.18419477343559265
1532,勤美,2020,1.03,1.0713917016983032
1533,車王電,2020,0.0,0.22367914021015167
1535,中宇,2020,1.35,1.322913646697998
1536,和大,2020,1.1,0.974643349647522
1537,廣隆,2020,10.0,9.632139205932617
1538,正峰,2020,0.0,0.004964401479810476
1539,巨庭,2020,0.0,0.1650507003068924
1540,喬福,2020,0.5,0.305751234292984
1541,錩泰,2020,3.0,3.0241761207580566
1558,伸興,2020,9.5,9.386309623718262
1560,中砂,2020,2.79833843,2.801771402359009
1565,精華,2020,12.0,11.59752082824707
1568,倉佑,2020,0.3,0.20593442022800446
1569,濱川,2020,1.5,1.520261526107788
1570,力肯,2020,0.8,0.935718834400177
1580,新麥,2020,6.79,4.266439437866211
1582,信錦,2020,5.0,4.569782733917236
1583,程泰,2020,3.0,3.0041191577911377
1584,精剛,2020,0.0,-0.03774358704686165
1586,和勤,2020,0.8,0.854921817779541
1587,吉茂,2020,1.5,1.3479959964752197
1589,永冠-KY,2020,1.5,1.558968424797058
1590,亞德客-KY,2020,9.05709,9.277589797973633
1591,駿吉-KY,2020,0.5,0.44156110286712646
1592,英瑞-KY,2020,0.0,0.0287714172154665
1593,祺驊,2020,3.58391996,3.515176773071289
1595,川寶,2020,0.5,0.5131502151489258
1597,直得,2020,1.5,1.4539339542388916
1598,岱宇,2020,7.46837978,7.532641887664795
1599,宏佳騰,2020,2.0,2.419585704803467
1603,華電,2020,0.5,0.6276268362998962
1604,聲寶,2020,2.5,2.6611483097076416
1605,華新,2020,0.9,0.9210416078567505
1608,華榮,2020,0.7,0.6577664017677307
1609,大亞,2020,0.35,0.4252288043498993
1611,中電,2020,0.3,0.27234095335006714
1612,宏泰,2020,1.2,1.170192837715149
1614,三洋電,2020,0.949277755,0.9001432061195374
1615,大山,2020,1.2,1.4121006727218628
1616,億泰,2020,0.0,-0.00132960663177073
1617,榮星,2020,0.6,0.5883190035820007
1618,合機,2020,0.3,0.5077053904533386
1626,艾美特-KY,2020,0.6,0.6187711954116821
1701,中化,2020,1.0,0.9468156695365906
1702,南僑,2020,2.0,2.0844738483428955
1707,葡萄王,2020,6.4,6.3669610023498535
1708,東鹼,2020,0.9,0.8385129570960999
1709,和益,2020,1.2,1.1395870447158813
1710,東聯,2020,0.0,0.007387234829366207
1711,永光,2020,0.3,0.428354412317276
1712,興農,2020,1.3,1.225296139717102
1713,國化,2020,0.66,0.588261604309082
1714,和桐,2020,0.7,0.7501161098480225
1717,長興,2020,1.5,1.3494691848754883
1718,中纖,2020,0.1,0.13039308786392212
1720,生達,2020,1.8,1.7503880262374878
1721,三晃,2020,0.5,0.5822734832763672
1722,台肥,2020,2.3,1.5668957233428955
1723,中碳,2020,2.8,2.6437630653381348
1724,台硝,2020,0.25,0.20315143465995789
1725,元禎,2020,0.96,0.9560167193412781
1726,永記,2020,3.5,3.7017109394073486
1727,中華化,2020,0.0,0.0789933130145073
1730,花仙子,2020,3.86,4.497755527496338
1731,美吾華,2020,1.0,0.8895755410194397
1732,毛寶,2020,0.5,0.4485164284706116
1733,五鼎,2020,1.1,0.8457698822021484
1734,杏輝,2020,0.2,0.23902839422225952
1735,日勝化,2020,0.5,0.4749998450279236
1736,喬山,2020,1.12,1.091728925704956
1737,臺鹽,2020,1.35,1.4292210340499878
1742,台蠟,2020,0.0,-0.034928590059280396
1752,南光,2020,1.6,1.5551995038986206
1760,寶齡富錦,2020,0.7,0.5053935050964355
1762,中化生,2020,1.5,1.8584063053131104
1773,勝一,2020,3.48888889,4.000197410583496
1776,展宇,2020,1.0,0.46025022864341736
1777,生泰,2020,4.0,3.914715528488159
1781,合世,2020,0.0,-0.03806707635521889
1783,和康生,2020,0.81,0.5812287926673889
1784,訊聯,2020,0.18471358,0.17825259268283844
1785,光洋科,2020,1.2,1.2802848815917969
1786,科妍,2020,0.959848,0.9374345541000366
1788,杏昌,2020,6.770778999999999,6.830901622772217
1789,神隆,2020,0.5,0.4776519536972046
1795,美時,2020,0.35,0.4505862891674042
1796,金穎生技,2020,0.08306125,0.10370169579982758
1799,易威,2020,0.0,-0.003009739564731717
1802,台玻,2020,0.5,0.4429650604724884
1805,寶徠,2020,0.0,0.002477984642609954
1806,冠軍,2020,0.0,-0.0041798558086156845
1808,潤隆,2020,0.2,0.20534928143024445
1809,中釉,2020,0.2,0.15736588835716248
1810,和成,2020,0.2,0.16530442237854004
1813,寶利徠,2020,0.0,0.40455466508865356
1815,富喬,2020,0.0,0.006761911325156689
1817,凱撒衛,2020,2.0,2.045046806335449
1903,士紙,2020,0.0,0.00023077981313690543
1904,正隆,2020,1.8,1.5470479726791382
1905,華紙,2020,0.0,-0.015822406858205795
1906,寶隆,2020,0.4,0.4245985746383667
1907,永豐餘,2020,1.5,1.4716768264770508
1909,榮成,2020,0.6,0.42234957218170166
2002,中鋼,2020,0.3,0.2559191584587097
2006,東和鋼鐵,2020,1.5,1.720166802406311
2007,燁興,2020,0.0,0.017152758315205574
2008,高興昌,2020,0.0,0.039718177169561386
2009,第一銅,2020,0.8,0.0553898811340332
2010,春源,2020,0.6,0.6735389232635498
2012,春雨,2020,0.6,0.603702187538147
2013,中鋼構,2020,2.8,2.149909734725952
2014,中鴻,2020,0.3,0.0642099678516388
2015,豐興,2020,3.5,2.8946008682250977
2017,官田鋼,2020,0.2,0.11078427731990814
2020,美亞,2020,1.7,1.673831820487976
2022,聚亨,2020,0.0,-0.010212695226073265
2023,燁輝,2020,0.0,0.18218636512756348
2024,志聯,2020,0.25,0.2548580467700958
2025,千興,2020,0.0,-0.0010777986608445644
2027,大成鋼,2020,0.8,0.5350056886672974
2028,威致,2020,0.0,-0.07353907823562622
2029,盛餘,2020,0.5,0.50603848695755
2030,彰源,2020,0.5,0.20710191130638123
2031,新光鋼,2020,1.91973251,1.9173396825790405
2032,新鋼,2020,0.53,0.5388544797897339
2033,佳大,2020,0.3,0.21072272956371307
2034,允強,2020,1.5,1.0591899156570435
2035,唐榮,2020,0.0,0.018563538789749146
2038,海光,2020,0.5,0.45247724652290344
2049,上銀,2020,2.0,4.651309490203857
2059,川湖,2020,6.12,6.026576995849609
2061,風青,2020,0.0,-0.017892170697450638
2062,橋椿,2020,0.1,0.06377474218606949
2063,世鎧,2020,2.0,1.8710060119628906
2064,晉椿,2020,0.5,0.3661244213581085
2065,世豐,2020,1.95615817,2.0790388584136963
2066,世德,2020,1.7,1.8375190496444702
2067,嘉鋼,2020,0.0,-0.0017494084313511848
2069,運錩,2020,0.55,0.521721363067627
2070,精湛,2020,1.0,0.7722527384757996
2101,南港,2020,0.95,0.8830189108848572
2102,泰豐,2020,0.02,0.10453686863183975
2103,台橡,2020,0.36,0.29796671867370605
2104,國際中橡,2020,0.1,0.08725695312023163
2105,正新,2020,1.2,1.212673544883728
2106,建大,2020,1.0,0.739504873752594
2107,厚生,2020,1.5,1.5979077816009521
2108,南帝,2020,4.0,4.80981969833374
2109,華豐,2020,0.0,-0.030355216935276985
2114,鑫永銓,2020,5.0,4.701210021972656
2115,六暉-KY,2020,1.49999995,3.6875338554382324
2201,裕隆,2020,1.0,0.9898566603660583
2204,中華,2020,7.0,6.715024471282959
2206,三陽工業,2020,1.3088628999999998,1.3181349039077759
2207,和泰車,2020,17.0,16.77118682861328
2208,台船,2020,0.0,0.0030649006366729736
2211,長榮鋼,2020,2.2,2.146383285522461
2221,大甲,2020,1.0,0.9980894327163696
2227,裕日車,2020,18.53,15.289640426635742
2228,劍麟,2020,1.05,1.1449978351593018
2230,泰茂,2020,0.2,0.016426198184490204
2231,為升,2020,1.2,1.302750587463379
2233,宇隆,2020,3.75,4.351686954498291
2235,謚源,2020,2.0,1.5483639240264893
2236,百達-KY,2020,0.3681839000000001,0.417602002620697
2239,英利-KY,2020,1.85,1.800962209701538
2241,艾姆勒,2020,0.6036,0.41009366512298584
2243,宏旭-KY,2020,0.0,0.04571473225951195
2247,汎德永業,2020,11.0,10.808269500732422
2250,IKKA-KY,2020,3.0,2.965176582336426
2301,光寶科,2020,3.4,3.3335044384002686
2302,麗正,2020,0.30065,0.2216731160879135
2303,聯電,2020,1.5998882,1.3914827108383179
2305,全友,2020,0.0,-0.0002293153665959835
2308,台達電,2020,5.5,5.512455463409424
2312,金寶,2020,0.29126176,0.23121710121631622
2313,華通,2020,1.5,1.6736153364181519
2314,台揚,2020,0.0,0.02996562421321869
2316,楠梓電,2020,1.5,1.4313222169876099
2317,鴻海,2020,4.0,3.9253015518188477
2321,東訊,2020,0.0,-0.0062162308022379875
2323,中環,2020,0.7,0.5253745913505554
2324,仁寶,2020,1.6,1.498192310333252
2327,國巨,2020,10.08131421,10.149443626403809
2328,廣宇,2020,0.65,1.1251990795135498
2329,華泰,2020,0.0,-0.010846703313291073
2330,台積電,2020,10.0,9.68408203125
2331,精英,2020,1.0014667,0.4084678590297699
2332,友訊,2020,0.3,0.36294516921043396
2337,旺宏,2020,1.2,1.2417106628417969
2338,光罩,2020,1.5,1.520861268043518
2340,光磊,2020,1.39271167,1.2595499753952026
2342,茂矽,2020,0.5,0.47267210483551025
2344,華邦電,2020,0.2,0.18795360624790192
2345,智邦,2020,6.4956,6.332036972045898
2347,聯強,2020,3.3,3.0874500274658203
2348,海悅,2020,7.0,7.225917816162109
2349,錸德,2020,0.0,-0.029605183750391006
2351,順德,2020,1.8,1.584470272064209
2352,佳世達,2020,1.5,1.4768227338790894
2353,宏碁,2020,1.5,1.3800464868545532
2354,鴻準,2020,1.8,1.7986266613006592
2355,敬鵬,2020,0.5,0.45091351866722107
2356,英業達,2020,1.85,1.2169291973114014
2357,華碩,2020,26.0,26.16720199584961
2358,廷鑫,2020,0.1,0.07181259989738464
2359,所羅門,2020,0.5,0.5028243064880371
2360,致茂,2020,4.4996051,4.3022236824035645
2362,藍天,2020,0.6,0.802629292011261
2363,矽統,2020,0.8,0.4199705123901367
2364,倫飛,2020,0.0,0.008779335767030716
2365,昆盈,2020,0.30406291,0.32087963819503784
2367,燿華,2020,0.0,0.00828580278903246
2368,金像電,2020,1.5,1.3613499402999878
2369,菱生,2020,0.0,-0.014454299584031105
2371,大同,2020,0.0,0.0006041447632014751
2373,震旦行,2020,6.0,5.815030574798584
2374,佳能,2020,0.5,0.4002184569835663
2375,凱美,2020,2.0,2.011096477508545
2376,技嘉,2020,5.0,5.097119331359863
2377,微星,2020,6.1,6.042159557342529
2379,瑞昱,2020,14.0,12.729496955871582
2380,虹光,2020,0.0,0.064800925552845
2382,廣達,2020,5.2,5.221717834472656
2383,台光電,2020,7.0,6.999908924102783
2385,群光,2020,5.5,5.495896339416504
2387,精元,2020,2.0,2.199406147003174
2388,威盛,2020,0.8,0.9196916222572327
2390,云辰,2020,0.0,0.005816759075969458
2392,正崴,2020,2.5,2.562183141708374
2393,億光,2020,2.25,2.2050180435180664
2395,研華,2020,7.09279644,7.24614953994751
2397,友通,2020,3.0,2.9439215660095215
2399,映泰,2020,0.4,0.4574573040008545
2401,凌陽,2020,0.5255,0.4362735450267792
2402,毅嘉,2020,0.5,0.41033750772476196
2404,漢唐,2020,17.0,17.007535934448242
2405,浩鑫,2020,0.0,0.0016785878688097
2406,國碩,2020,0.0,-0.03613759204745293
2408,南亞科,2020,1.29660236,1.5396654605865479
2409,友達,2020,0.3,0.26936137676239014
2412,中華電,2020,4.306,4.05520486831665
2413,環科,2020,0.0,0.06016581133008003
2414,精技,2020,1.8,1.9341751337051392
2415,錩新,2020,0.5,0.4416680335998535
2417,圓剛,2020,2.0,4.14462423324585
2419,仲琦,2020,1.0,1.0034030675888062
2420,新巨,2020,2.55,2.3777332305908203
2421,建準,2020,2.4,2.4887826442718506
2423,固緯,2020,1.2,1.2832812070846558
2424,隴華,2020,0.0,-0.016855672001838684
2425,承啟,2020,0.5,0.6625934839248657
2426,鼎元,2020,0.75,0.6362496614456177
2427,三商電,2020,0.3,0.2957839369773865
2428,興勤,2020,5.5,5.58634090423584
2429,銘旺科,2020,0.0,0.006474055349826813
2430,燦坤,2020,1.55,1.5182815790176392
2431,聯昌,2020,0.25,0.22237278521060944
2433,互盛電,2020,3.6,3.6040632724761963
2434,統懋,2020,0.0,0.0014492453774437308
2436,偉詮電,2020,1.6,1.4457017183303833
2438,翔耀,2020,0.0,-0.009377403184771538
2439,美律,2020,5.1633,5.382359027862549
2440,太空梭,2020,0.0,0.035917751491069794
2441,超豐,2020,3.1,3.1089022159576416
2442,新美齊,2020,0.1,0.30619072914123535
2443,億麗,2020,0.0,-0.00021137524163350463
2444,兆勁,2020,0.0,0.006567708682268858
2449,京元電子,2020,2.0,1.8336056470870972
2450,神腦,2020,1.5,1.47119140625
2451,創見,2020,3.05,2.750988245010376
2453,凌群,2020,1.5,1.338782787322998
2454,聯發科,2020,37.0,36.193851470947266
2455,全新,2020,2.59,2.493626356124878
2456,奇力新,2020,1.99545233,2.052985906600952
2457,飛宏,2020,0.0,0.04929748550057411
2458,義隆,2020,9.0,8.925020217895508
2459,敦吉,2020,3.3,3.2683372497558594
2460,建通,2020,0.0,0.04775034636259079
2461,光群雷,2020,0.96,0.8332056999206543
2462,良得電,2020,0.8,0.5098321437835693
2464,盟立,2020,2.0,1.9903608560562134
2465,麗臺,2020,0.0,-0.011638450436294079
2466,冠西電,2020,0.0,0.012390372343361378
2467,志聖,2020,2.51203780324,2.4705288410186768
2468,華經,2020,0.4,0.5815808176994324
2471,資通,2020,1.5,1.2880576848983765
2472,立隆電,2020,3.0,3.3572120666503906
2474,可成,2020,12.0,12.080167770385742
2476,鉅祥,2020,1.2,1.2690865993499756
2477,美隆電,2020,1.45,1.1632013320922852
2478,大毅,2020,3.0,3.0487308502197266
2480,敦陽科,2020,4.3,3.950873613357544
2481,強茂,2020,1.5,1.2118539810180664
2482,連宇,2020,0.0,-0.013281718827784061
2483,百容,2020,0.7,0.7903598546981812
2484,希華,2020,1.0,0.8620442748069763
2485,兆赫,2020,0.0,0.24433116614818573
2486,一詮,2020,0.0,0.01353129930794239
2488,漢平,2020,1.5,1.4980508089065552
2489,瑞軒,2020,0.13146157,0.3212386667728424
2491,吉祥全,2020,0.4,0.8905558586120605
2492,華新科,2020,6.0123848,6.449190616607666
2493,揚博,2020,2.5,2.3114497661590576
2495,普安,2020,0.3,0.10193217545747757
2496,卓越,2020,4.52042894,4.307028293609619
2497,怡利電,2020,0.0,-0.004076768644154072
2498,宏達電,2020,0.0,0.05656689405441284
2501,國建,2020,1.0,0.9456281661987305
2504,國產,2020,1.5,1.0222344398498535
2505,國揚,2020,2.5,2.5164144039154053
2506,太設,2020,0.4,0.10857363790273666
2509,全坤建,2020,1.5,1.4144076108932495
2511,太子,2020,0.4,0.37148135900497437
2514,龍邦,2020,0.0,1.6596055030822754
2515,中工,2020,0.233,0.2362091988325119
2516,新建,2020,0.0,0.11918599903583527
2520,冠德,2020,2.4,2.575390100479126
2524,京城,2020,0.0,2.228510618209839
2527,宏璟,2020,1.4,1.1780586242675781
2528,皇普,2020,0.0,0.027785219252109528
2530,華建,2020,0.0,0.06444521993398666
2534,宏盛,2020,1.0,0.927578330039978
2535,達欣工,2020,2.50826908,2.596526622772217
2536,宏普,2020,1.2,1.2367970943450928
2537,聯上發,2020,0.4,0.3586660325527191
2538,基泰,2020,0.5,0.37940502166748047
2539,櫻花建,2020,0.2,0.6850159764289856
2540,愛山林,2020,1.0,1.7542448043823242
2542,興富發,2020,2.0,1.6419020891189575
2543,皇昌,2020,0.0,0.00818982720375061
2545,皇翔,2020,4.5,2.1684629917144775
2546,根基,2020,3.6,3.73252010345459
2547,日勝生,2020,0.62,0.5797266364097595
2548,華固,2020,7.0,6.863759517669678
2596,綠意,2020,1.2,1.2354047298431396
2597,潤弘,2020,6.5,5.1026434898376465
2601,益航,2020,0.0,0.05987921357154846
2603,長榮,2020,2.48660241,3.5636847019195557
2605,新興,2020,0.5,0.5447231531143188
2606,裕民,2020,1.2,1.2215760946273804
2607,榮運,2020,0.3,0.2904944121837616
2608,嘉里大榮,2020,1.68,1.6007821559906006
2609,陽明,2020,0.0,0.09066928178071976
2610,華航,2020,0.0,0.2059260755777359
2611,志信,2020,0.0,0.02075604721903801
2612,中航,2020,1.6,1.378648042678833
2613,中櫃,2020,0.2,0.18296289443969727
2614,東森,2020,0.8,0.6263689398765564
2615,萬海,2020,1.0,1.343213438987732
2616,山隆,2020,2.2,2.0993010997772217
2617,台航,2020,0.9,0.8524790406227112
2618,長榮航,2020,0.0,0.03356197848916054
2630,亞航,2020,0.15,0.18048959970474243
2633,台灣高鐵,2020,1.05,0.6913787722587585
2634,漢翔,2020,0.2,0.3092449903488159
2636,台驊投控,2020,3.2,3.157121419906616
2637,慧洋-KY,2020,1.5,1.4433711767196655
2640,大車隊,2020,3.9,3.265878915786743
2641,正德,2020,0.0,0.021129772067070007
2642,宅配通,2020,1.8,1.5565876960754395
2643,捷迅,2020,4.0,3.923959493637085
2701,萬企,2020,0.25,0.20423603057861328
2702,華園,2020,0.0,0.033352240920066833
2704,國賓,2020,0.0,0.5299250483512878
2705,六福,2020,0.0,0.022311385720968246
2706,第一店,2020,0.15,0.3828784227371216
2707,晶華,2020,4.38912,4.448384761810303
2712,遠雄來,2020,0.7,0.837248682975769
2718,晶悅,2020,0.0,0.0782046765089035
2719,燦星旅,2020,0.0,0.006266663316637278
2722,夏都,2020,0.5,0.58582603931427
2723,美食-KY,2020,4.0,2.615671157836914
2724,富驛-KY,2020,0.0,0.0008962777210399508
2726,雅茗-KY,2020,0.50004204,0.4764358699321747
2727,王品,2020,4.3040913,4.218677997589111
2729,瓦城,2020,14.5,7.772955417633057
2731,雄獅,2020,0.0,0.1340152770280838
2732,六角,2020,2.98409631,2.8180034160614014
2734,易飛網,2020,0.0,-0.0011752211721614003
2736,高野,2020,0.2,0.20516394078731537
2739,寒舍,2020,0.0,0.03822311758995056
2740,天蔥,2020,0.0,-0.006024833768606186
2743,山富,2020,0.0,0.17725588381290436
2745,五福,2020,0.0,-0.01111743226647377
2748,雲品,2020,1.0,1.073391318321228
2752,豆府,2020,9.0,8.854229927062988
2754,亞洲藏壽司,2020,0.5,0.5146973729133606
2755,揚秦,2020,2.0,1.9175841808319092
2801,彰銀,2020,0.36,0.3698844015598297
2809,京城銀,2020,1.8,1.6611632108688354
2812,台中銀,2020,0.24,0.2561228275299072
2816,旺旺保,2020,0.8,0.7223505973815918
2820,華票,2020,0.87,0.7252196073532104
2823,中壽,2020,0.4,0.5139676928520203
2832,台產,2020,1.1,1.0810515880584717
2834,臺企銀,2020,0.1,0.2492617666721344
2836,高雄銀,2020,0.3,0.23417221009731293
2838,聯邦銀,2020,0.0,0.10475258529186249
2841,台開,2020,0.0,0.08182170987129211
2845,遠東銀,2020,0.326,0.33476993441581726
2849,安泰銀,2020,0.73,0.720248818397522
2850,新產,2020,1.95,2.244894027709961
2851,中再保,2020,1.3,1.4352658987045288
2852,第一保,2020,0.35,0.34350910782814026
2855,統一證,2020,1.5,1.532052755355835
2867,三商壽,2020,0.0,0.12167181819677353
2880,華南金,2020,0.265,0.38784903287887573
2881,富邦金,2020,3.0,3.005641222000122
2882,國泰金,2020,2.5,2.303621768951416
2883,開發金,2020,0.54973791,0.5075290203094482
2884,玉山金,2020,0.61,0.6089057922363281
2885,元大金,2020,1.2,1.0182260274887085
2886,兆豐金,2020,1.58,1.161643385887146
2887,台新金,2020,0.55521108,0.5199402570724487
2888,新光金,2020,0.40014149,0.5024946331977844
2889,國票金,2020,0.65,0.6153311729431152
2890,永豐金,2020,0.7,0.5383140444755554
2891,中信金,2020,1.05,1.1047911643981934
2892,第一金,2020,0.9,0.7546491622924805
2897,王道銀行,2020,0.2,0.2833141088485718
2901,欣欣,2020,0.1754967,0.13795016705989838
2903,遠百,2020,1.1,1.2749723196029663
2904,匯僑,2020,2.0,2.0247926712036133
2905,三商,2020,1.0,0.978129506111145
2906,高林,2020,0.3,0.3279264569282532
2908,特力,2020,1.07,0.9535943865776062
2910,統領,2020,0.5,0.5099515318870544
2911,麗嬰房,2020,0.0,-0.016035309061408043
2912,統一超,2020,9.0,8.53729248046875
2913,農林,2020,0.0,0.08547639101743698
2915,潤泰全,2020,2.0,7.34639310836792
2916,滿心,2020,1.5,1.0330997705459595
2923,鼎固-KY,2020,1.2,0.7593422532081604
2924,東凌-KY,2020,0.0,0.011407953687012196
2926,誠品生活,2020,0.84,0.8463144302368164
2928,紅馬-KY,2020,0.0,0.003000339027494192
2929,淘帝-KY,2020,0.0,-0.011070575565099716
2936,客思達-KY,2020,0.0,1.3383654356002808
2937,集雅社,2020,1.2,1.4342210292816162
2939,凱羿-KY,2020,2.0,0.25181150436401367
3002,歐格,2020,0.102,0.21624839305877686
3003,健和興,2020,1.2,1.5351756811141968
3004,豐達科,2020,0.5,0.8824273347854614
3005,神基,2020,3.58708898,3.3459410667419434
3006,晶豪科,2020,2.0,2.110588312149048
3008,大立光,2020,91.5,90.2331771850586
3010,華立,2020,4.4,4.457698345184326
3011,今皓,2020,0.0,0.012339127250015736
3013,晟銘電,2020,0.3,0.3015095293521881
3014,聯陽,2020,6.0,5.5794501304626465
3015,全漢,2020,3.0,3.0354082584381104
3016,嘉晶,2020,0.24955765,0.1403713822364807
3017,奇鋐,2020,2.8,2.796231508255005
3018,同開,2020,0.0,0.000664368097204715
3019,亞光,2020,1.0,1.0553762912750244
3021,鴻名,2020,0.7,0.7109470963478088
3022,威強電,2020,2.0,2.035694122314453
3023,信邦,2020,6.3,6.393434047698975
3024,憶聲,2020,0.1,0.14770807325839996
3025,星通,2020,1.0,0.8528903126716614
3026,禾伸堂,2020,8.0,7.622940540313721
3027,盛達,2020,0.0,0.24837839603424072
3028,增你強,2020,1.9001532,1.931461215019226
3029,零壹,2020,3.000667104,1.9669243097305298
3030,德律,2020,3.3,3.452200412750244
3031,佰鴻,2020,0.8,0.7035079598426819
3032,偉訓,2020,3.1,2.950624942779541
3033,威健,2020,1.33341226,1.2793707847595215
3034,聯詠,2020,15.6,15.176215171813965
3035,智原,2020,1.0,0.9699357151985168
3036,文曄,2020,3.20270134,2.872825860977173
3037,欣興,2020,1.4,1.4705052375793457
3038,全台,2020,1.2,1.1862640380859375
3040,遠見,2020,5.7,5.5710062980651855
3041,揚智,2020,0.0,0.027994167059659958
3042,晶技,2020,3.8,3.565493106842041
3043,科風,2020,0.0,0.003548585344105959
3044,健鼎,2020,7.35,7.3510637283325195
3045,台灣大,2020,4.3,4.279665470123291
3046,建碁,2020,0.0,0.00171572994440794
3047,訊舟,2020,0.29,0.3070707619190216
3048,益登,2020,1.9,1.9607298374176025
3049,和鑫,2020,0.3899999,0.2837190628051758
3050,鈺德,2020,0.6,0.6229654550552368
3051,力特,2020,0.0,0.006830274127423763
3052,夆典,2020,0.8,1.0428277254104614
3054,立萬利,2020,0.0,0.005809464491903782
3055,蔚華科,2020,0.2,0.2406972348690033
3056,總太,2020,4.4,2.8242783546447754
3057,喬鼎,2020,0.0,0.006185439880937338
3058,立德,2020,0.15,0.07731328904628754
3059,華晶科,2020,0.5,0.5477381348609924
3060,銘異,2020,0.0,-0.0014703504275530577
3062,建漢,2020,0.15,0.20806877315044403
3064,泰偉,2020,0.0,-1.513573806732893e-06
3066,李洲,2020,0.0,-0.004154088441282511
3067,全域,2020,0.0,0.00324543216265738
3071,協禧,2020,1.6,1.1342753171920776
3073,天方能源,2020,0.0,-0.012984903529286385
3078,僑威,2020,3.15,3.101712465286255
3081,聯亞,2020,5.0,5.043435573577881
3083,網龍,2020,0.0,0.04327699542045593
3085,新零售,2020,0.0,0.001272471621632576
3086,華義,2020,0.0,-0.02471107244491577
3088,艾訊,2020,2.57013434,2.6363635063171387
3089,元炬,2020,0.0,-0.010103637352585793
3090,日電貿,2020,3.1,2.8069324493408203
3092,鴻碩,2020,1.376447076,1.2559622526168823
3093,港建,2020,4.2,4.065322399139404
3094,聯傑,2020,0.8,0.6690807938575745
3095,及成,2020,0.0,0.0018986909417435527
3105,穩懋,2020,10.0,9.805521011352539
3114,好德,2020,1.2,1.2041094303131104
3115,寶島極,2020,0.0,-0.0019200756214559078
3118,進階,2020,1.6,1.5689294338226318
3122,笙泉,2020,0.0,0.005681721959263086
3128,昇銳,2020,0.55,0.4584394693374634
3130,一零四,2020,7.8,7.652317047119141
3131,弘塑,2020,11.0,11.002872467041016
3138,耀登,2020,1.6,1.693830966949463
3141,晶宏,2020,0.71157302,0.9315193295478821
3144,新揚科,2020,1.6,1.5264005661010742
3147,大綜,2020,2.1,2.217529296875
3149,正達,2020,0.0,0.0007706063333898783
3152,璟德,2020,10.8,10.763176918029785
3162,精確,2020,0.0,-0.006806923542171717
3163,波若威,2020,2.5,2.4231560230255127
3164,景岳,2020,0.7,0.6838997602462769
3167,大量,2020,3.0,2.7752809524536133
3169,亞信,2020,2.5,2.390519380569458
3171,新洲,2020,1.85,1.6137332916259766
3176,基亞,2020,0.0,0.13723760843276978
3178,公準,2020,1.2,1.3314721584320068
3188,鑫龍騰,2020,0.3,0.2445129156112671
3189,景碩,2020,1.0,1.090036153793335
3191,和進,2020,0.0,0.001081108464859426
3202,樺晟,2020,0.0,-0.030933624133467674
3205,佰研,2020,0.0,0.06594537943601608
3206,志豐,2020,2.0,1.4414204359054565
3207,耀勝,2020,0.0,0.01930290088057518
3209,全科,2020,1.4,1.4508047103881836
3211,順達,2020,6.5,4.855339050292969
3213,茂訊,2020,4.5,4.435914039611816
3217,優群,2020,5.6,5.53031587600708
3218,大學光,2020,4.2,4.119048595428467
3219,倚強科技,2020,0.0,0.060504697263240814
3221,台嘉碩,2020,0.20027406,0.11403407156467438
3224,三顧,2020,0.0,0.005713027436286211
3226,至寶電,2020,3.5,3.5406041145324707
3227,原相,2020,8.48313461,8.47503662109375
3228,金麗科,2020,0.0,-0.03570400923490524
3229,晟鈦,2020,0.0,-0.004189079627394676
3230,錦明,2020,0.0,-0.02231324091553688
3231,緯創,2020,2.2,2.184805393218994
3232,昱捷,2020,0.3,0.26423174142837524
3234,光環,2020,0.0,0.00835456233471632
3236,千如,2020,0.65,0.5485290884971619
3252,海灣,2020,0.0,-0.03303747996687889
3257,虹冠電,2020,3.0,2.9758613109588623
3259,鑫創,2020,0.0,-0.004309919197112322
3260,威剛,2020,3.18428466,4.292361736297607
3264,欣銓,2020,2.0,1.8662910461425781
3265,台星科,2020,1.229384,1.1842103004455566
3266,昇陽,2020,0.0,0.43410876393318176
3268,海德威,2020,0.5,0.3570525348186493
3272,東碩,2020,1.8,1.7118343114852905
3276,宇環,2020,0.0,-0.008842391893267632
3284,太普高,2020,0.0,-0.017034824937582016
3285,微端,2020,0.35,0.5825079083442688
3287,廣寰科,2020,0.0,0.03620202839374542
3288,點晶,2020,0.0,-0.0069886078126728535
3289,宜特,2020,3.13386956,2.972126007080078
3290,東浦,2020,0.2,0.20935659110546112
3293,鈊象,2020,42.0,41.5357666015625
3294,英濟,2020,0.5,0.5280713438987732
3296,勝德,2020,0.23,0.24978110194206238
3297,杭特,2020,0.0,0.061196401715278625
3303,岱稜,2020,1.4,1.3335131406784058
3305,昇貿,2020,1.36473113,0.9418763518333435
3306,鼎天,2020,0.5,0.5494769215583801
3308,聯德,2020,0.0,0.007894341833889484
3310,佳穎,2020,1.49894954,1.2060492038726807
3311,閎暉,2020,0.0,0.05934121832251549
3312,弘憶股,2020,0.0,0.20203295350074768
3313,斐成,2020,0.0,-0.0034850535448640585
3317,尼克森,2020,1.0,1.161709189414978
3321,同泰,2020,0.0,0.01344760600477457
3322,建舜電,2020,0.0,-0.012022278271615505
3323,加百裕,2020,2.5,2.6058075428009033
3324,雙鴻,2020,5.5,5.6357197761535645
3325,旭品,2020,2.49999989,1.961031198501587
3332,幸康,2020,1.0,1.7669188976287842
3338,泰碩,2020,1.7990987,1.2185454368591309
3339,泰谷,2020,0.0,0.0016987103736028075
3346,麗清,2020,0.16,0.2545756995677948
3354,律勝,2020,0.3,0.2079598605632782
3356,奇偶,2020,1.0008690999999998,1.0595083236694336
3357,臺慶科,2020,4.1,4.089709758758545
3360,尚立,2020,1.0,0.4056098461151123
3362,先進光,2020,0.0,0.0157772209495306
3363,上詮,2020,1.0,0.7995936274528503
3372,典範,2020,0.0,-0.008623678237199783
3373,熱映,2020,10.0,10.036723136901855
3374,精材,2020,2.5,2.538085699081421
3376,新日興,2020,6.98330782,6.817135334014893
3379,彬台,2020,0.3,0.0934145599603653
3380,明泰,2020,1.0,0.9191386699676514
3383,新世紀,2020,0.0,-0.00819376390427351
3388,崇越電,2020,4.3,4.306914329528809
3390,旭軟,2020,0.2,0.035719189792871475
3402,漢科,2020,2.7,2.377244234085083
3406,玉晶光,2020,9.9907,9.931340217590332
3413,京鼎,2020,7.0,6.980470180511475
3416,融程電,2020,3.99955848,3.692906141281128
3419,譁裕,2020,0.5,0.3587842881679535
3426,台興,2020,2.0,1.8213616609573364
3432,台端,2020,0.25,0.5922414660453796
3434,哲固,2020,0.0,0.006977873854339123
3437,榮創,2020,0.0,-0.011425335891544819
3438,類比科,2020,1.5,1.9280014038085938
3441,聯一光電,2020,0.5,0.4979550838470459
3443,創意,2020,5.0,4.755053520202637
3444,利機,2020,1.8,1.688969373703003
3450,聯鈞,2020,1.4,1.3699395656585693
3454,晶睿,2020,2.0,2.1250994205474854
3455,由田,2020,4.0,3.855677604675293
3465,進泰電子,2020,0.0,0.024190403521060944
3466,致振,2020,0.0,0.02089780755341053
3479,安勤,2020,2.58435269,2.4988420009613037
3481,群創,2020,0.39883801,0.4257408678531647
3483,力致,2020,2.0,2.078174591064453
3484,崧騰,2020,3.2,2.9049556255340576
3489,森寶,2020,0.3,0.3893863558769226
3490,單井,2020,0.7,0.8067660331726074
3491,昇達科,2020,2.5,1.8163630962371826
3492,長盛,2020,0.28,0.31786301732063293
3494,誠研,2020,0.0,0.1920585036277771
3498,陽程,2020,0.0,0.07604348659515381
3499,環天科,2020,0.0,0.0005684359348379076
3501,維熹,2020,2.5,2.4591410160064697
3504,揚明光,2020,0.0,0.05551699176430702
3508,位速,2020,0.0,0.03309686854481697
3511,矽瑪,2020,0.25,0.5817137956619263
3512,皇龍,2020,2.0,0.7264435887336731
3515,華擎,2020,8.0,7.990793228149414
3516,亞帝歐,2020,0.2,0.16484957933425903
3518,柏騰,2020,0.0,0.03597641736268997
3520,華盈電子,2020,0.0,-0.02835235372185707
3521,鴻翊,2020,0.0,-0.009893079288303852
3522,御頂,2020,0.0,0.011060130782425404
3523,迎輝,2020,0.0,-0.0027272484730929136
3526,凡甲,2020,9.13400405,7.887836456298828
3527,聚積,2020,2.0,1.3570480346679688
3528,安馳,2020,2.9,1.765820860862732
3529,力旺,2020,8.999,9.025863647460938
3530,晶相光,2020,2.7998184,2.73874568939209
3531,先益,2020,1.0,0.89434814453125
3532,台勝科,2020,2.15,3.7974343299865723
3533,嘉澤,2020,13.3,13.453495979309082
3535,晶彩科,2020,0.0,0.015890831127762794
3536,誠創,2020,0.0,-0.008090444840490818
3537,堡達,2020,2.5,1.5239988565444946
3540,曜越,2020,3.5,4.537703037261963
3541,西柏,2020,2.01554593,1.9315524101257324
3543,州巧,2020,1.2,1.091708779335022
3545,敦泰,2020,3.32,2.407426357269287
3546,宇峻,2020,4.6805776,4.684020042419434
3548,兆利,2020,2.5,2.668102502822876
3550,聯穎,2020,0.5,0.5926147103309631
3551,世禾,2020,2.2,2.233025074005127
3552,同致,2020,1.5,2.0170013904571533
3555,重鵬,2020,0.0,0.004501744639128447
3556,禾瑞亞,2020,3.15,3.2172274589538574
3557,嘉威,2020,6.0,4.578685283660889
3558,神準,2020,4.0,4.091949462890625
3563,牧德,2020,12.0,11.99364948272705
3564,其陽,2020,0.6,0.6263113021850586
3567,逸昌,2020,2.0,1.8813365697860718
3570,大塚,2020,5.2,4.389560699462891
3576,聯合再生,2020,0.0,-0.026383131742477417
3577,泓格,2020,0.7,0.7213720679283142
3580,友威科,2020,1.3,1.2160786390304565
3581,博磊,2020,0.9,0.9598791003227234
3583,辛耘,2020,1.85,2.855067253112793
3587,閎康,2020,4.5,4.374896049499512
3588,通嘉,2020,0.603,1.0040167570114136
3591,艾笛森,2020,0.31947024,0.19800615310668945
3593,力銘,2020,0.0,-0.014312058687210083
3594,磐儀,2020,0.1,0.09173046052455902
3596,智易,2020,6.49850647,6.502551555633545
3597,映興,2020,1.2,0.9997231364250183
3605,宏致,2020,0.7,1.4748231172561646
3607,谷崧,2020,0.0,-0.033261608332395554
3609,東林,2020,1.5,0.08698444813489914
3611,鼎翰,2020,10.0,9.939131736755371
3615,安可,2020,0.0,0.09774066507816315
3617,碩天,2020,5.4,5.070394992828369
3622,洋華,2020,1.0,1.0568454265594482
3623,富晶通,2020,0.0,0.055571284145116806
3624,光頡,2020,0.8,0.9783798456192017
3625,西勝,2020,0.0,-0.007077859714627266
3628,盈正,2020,1.0,1.063950538635254
3629,地心引力,2020,0.0,0.11374679952859879
3630,新鉅科,2020,0.0,0.08738455176353455
3631,晟楠,2020,0.0,0.03755608946084976
3632,研勤,2020,0.0,-0.010170900262892246
3642,駿熠電,2020,0.0,0.004841597285121679
3645,達邁,2020,1.5,1.5770477056503296
3646,艾恩特,2020,0.92,0.79190593957901
3652,精聯,2020,0.15304912,0.26160043478012085
3653,健策,2020,6.0,6.0526018142700195
3661,世芯-KY,2020,6.8,8.99193286895752
3663,鑫科,2020,0.8,0.5331950187683105
3664,安瑞-KY,2020,0.0,-0.014482258819043636
3665,貿聯-KY,2020,8.02486316,6.563051223754883
3666,光耀,2020,2.0,1.8070038557052612
3669,圓展,2020,5.0,4.847101211547852
3672,康聯訊,2020,0.25,0.1536184698343277
3673,TPK-KY,2020,1.0,1.1038296222686768
3675,德微,2020,2.0,1.8694921731948853
3679,新至陞,2020,10.0,6.430466651916504
3680,家登,2020,4.86147979,4.73212194442749
3682,亞太電,2020,0.0,0.043031156063079834
3684,榮昌,2020,1.5,1.5163888931274414
3685,元創精密,2020,0.2,0.10392755270004272
3686,達能,2020,0.0,0.002422168618068099
3687,歐買尬,2020,0.59784687,0.6856501698493958
3689,湧德,2020,1.3,1.3970682621002197
3691,碩禾,2020,2.0,1.994041085243225
3693,營邦,2020,0.7,1.1536842584609985
3694,海華,2020,0.0,-0.047510989010334015
3701,大眾控,2020,0.0,-0.028789252042770386
3702,大聯大,2020,3.1,2.9973340034484863
3703,欣陸,2020,1.4,1.1018818616867065
3704,合勤控,2020,0.5,0.5668128728866577
3705,永信,2020,2.0,2.2045493125915527
3706,神達,2020,1.0,1.0149387121200562
3707,漢磊,2020,0.0,0.035476185381412506
3708,上緯投控,2020,3.5,4.444839000701904
3709,鑫聯大投控,2020,1.4,1.3291287422180176
3710,連展投控,2020,0.0,0.05255269631743431
3711,日月光投控,2020,4.2,2.849057912826538
3712,永崴投控,2020,1.0,0.8572984337806702
3713,新晶投控,2020,0.0,0.01380188949406147
4102,永日,2020,0.1,0.14344625174999237
4104,佳醫,2020,3.5,2.9728543758392334
4105,東洋,2020,4.0,3.707230806350708
4106,雃博,2020,0.55,0.6627686619758606
4107,邦特,2020,4.0,4.0987324714660645
4108,懷特,2020,0.0,-0.006968000903725624
4109,加捷生醫,2020,0.0,-0.003617081791162491
4111,濟生,2020,1.0,0.88667231798172
4113,聯上,2020,0.3,0.11571694165468216
4114,健喬,2020,0.3,0.24088144302368164
4116,明基醫,2020,1.0,1.0351847410202026
4119,旭富,2020,0.5,3.450612783432007
4120,友華,2020,1.5,1.0429904460906982
4121,優盛,2020,1.2,1.1974622011184692
4123,晟德,2020,1.5,5.690115451812744
4126,太醫,2020,4.2,3.8808326721191406
4127,天良,2020,0.0,-0.004173360299319029
4128,中天,2020,0.0,0.07764716446399689
4129,聯合,2020,0.83391139,0.8315678238868713
4130,健亞,2020,0.41,0.3973579406738281
4131,晶宇,2020,0.0,-0.0012428353074938059
4133,亞諾法,2020,0.6,0.8564628958702087
4137,麗豐-KY,2020,8.5,8.306440353393555
4138,曜亞,2020,3.5,3.4636788368225098
4139,馬光-KY,2020,1.6,1.3695672750473022
4141,龍燈-KY,2020,0.0,0.022561457008123398
4142,國光生,2020,0.5,0.48643115162849426
4147,中裕,2020,0.0,0.02966477908194065
4148,全宇生技-KY,2020,1.0,1.055404782295227
4152,台微體,2020,0.0,-0.0225417111068964
4153,鈺緯,2020,0.26,0.1729089319705963
4154,康樂-KY,2020,0.0,-0.006499542389065027
4155,訊映,2020,1.38886,1.0609296560287476
4157,太景*-KY,2020,0.0,-0.017383629456162453
4160,創源,2020,0.0,0.01520884595811367
4161,聿新科,2020,0.3,0.032564714550971985
4162,智擎,2020,2.5,2.8058977127075195
4163,鐿鈦,2020,3.5,3.540515899658203
4164,承業醫,2020,2.00660837,1.8562923669815063
4167,松瑞藥,2020,0.1331,0.00405112374573946
4168,醣聯,2020,0.0,0.016691267490386963
4171,瑞基,2020,3.53954176,3.504776954650879
4173,久裕,2020,0.56023613,0.3913142681121826
4174,浩鼎,2020,0.0,-0.012618618085980415
4175,杏一,2020,2.05,1.9965559244155884
4183,福永生技,2020,1.2,0.937160849571228
4188,安克,2020,0.0,0.0018561913166195154
4190,佐登-KY,2020,2.0,1.9712110757827759
4192,杏國,2020,0.0,0.004165800288319588
4198,欣大健康,2020,0.0,-0.0006382841966114938
4205,中華食,2020,2.0,2.2813973426818848
4207,環泰,2020,0.65,0.39858055114746094
4303,信立,2020,0.3,0.17462484538555145
4304,勝昱,2020,0.0,0.00047442043432965875
4305,世坤,2020,1.8,1.838607907295227
4306,炎洲,2020,0.5973149999999999,1.1410772800445557
4401,東隆興,2020,1.0,0.968822717666626
4402,福大,2020,0.0,0.0013647613814100623
4406,新昕纖,2020,0.0,0.005296926014125347
4413,飛寶企業,2020,0.0,0.0003973721177317202
4414,如興,2020,0.0,-0.02695474587380886
4416,三圓,2020,0.0,0.5168736577033997
4417,金洲,2020,2.5,2.5189173221588135
4419,元勝,2020,0.0,6.165512604638934e-05
4420,光明,2020,3.0,2.447309732437134
4426,利勤,2020,0.0,0.23505061864852905
4429,聚紡,2020,0.0,0.0014286665245890617
4430,耀億,2020,0.5,0.3328721821308136
4432,銘旺實,2020,0.0,0.2136620432138443
4433,興采,2020,2.0,4.390185356140137
4438,廣越,2020,3.2,3.5119102001190186
4439,冠星-KY,2020,6.5,6.4961981773376465
4502,健信,2020,0.0,0.03507097065448761
4503,金雨,2020,0.0,0.009516558609902859
4506,崇友,2020,3.0,2.901715040206909
4510,高鋒,2020,0.0,0.12480684369802475
4513,福裕,2020,0.0,-0.008032387122511864
4523,永彰,2020,0.0,-0.01868410035967827
4526,東台,2020,0.0,0.18964527547359467
4527,方土霖,2020,2.0,1.987114429473877
4528,江興鍛,2020,1.8,1.846506953239441
4529,淳紳,2020,0.0,-0.02060268074274063
4530,宏易,2020,0.0,0.0005022319965064526
4532,瑞智,2020,0.7,0.6340861320495605
4533,協易機,2020,0.2,0.20850874483585358
4534,慶騰,2020,0.0,-0.010884550400078297
4535,至興,2020,0.7,0.9768068790435791
4536,拓凱,2020,5.0,4.931883335113525
4538,大詠城,2020,0.8,0.5946447849273682
4540,全球傳動,2020,0.8,0.8290009498596191
4541,晟田,2020,0.2,-0.023429827764630318
4542,科嶠,2020,1.0,0.5533574223518372
4543,萬在,2020,0.0,0.12751279771327972
4545,銘鈺,2020,0.55,0.4166325032711029
4549,桓達,2020,4.0,3.961378812789917
4550,長佳,2020,1.68,1.42207670211792
4551,智伸科,2020,4.0,3.961524486541748
4552,力達-KY,2020,1.11,1.2130029201507568
4554,橙的,2020,0.14,0.1356826275587082
4555,氣立,2020,1.5,1.5672804117202759
4556,旭然,2020,0.45,0.4783279299736023
4557,永新-KY,2020,3.5,3.2187719345092773
4560,強信-KY,2020,1.0,0.823143720626831
4561,健椿,2020,0.9,0.7418043613433838
4562,穎漢,2020,0.0,0.02425304241478443
4563,百德,2020,0.0,-0.05528026074171066
4564,元翎,2020,1.3,1.2486348152160645
4566,時碩工業,2020,1.18748578,1.1313917636871338
4568,科際精密,2020,4.0,3.9270846843719482
4571,鈞興-KY,2020,3.6,3.616647958755493
4572,駐龍,2020,5.0,2.039401054382324
4576,大銀微系統,2020,0.3,0.9213001132011414
4580,捷流閥業,2020,5.11,4.839191436767578
4581,光隆精密-KY,2020,2.0,1.9048833847045898
4609,唐鋒,2020,0.0,-0.00032495794584974647
4702,中美實,2020,0.0,0.20470444858074188
4706,大恭,2020,0.8,0.8048341274261475
4707,磐亞,2020,0.15,0.2420627921819687
4711,永純,2020,0.8,0.8023872375488281
4712,南璋,2020,0.0,0.002112314570695162
4714,永捷,2020,0.1,0.1771329939365387
4716,大立,2020,0.24486895,0.22947387397289276
4720,德淵,2020,0.0,0.16152188181877136
4721,美琪瑪,2020,1.39,1.3757878541946411
4722,國精化,2020,2.0,1.9098877906799316
4726,永昕,2020,0.0,-0.006069472525268793
4728,雙美,2020,4.0,1.7772539854049683
4729,熒茂,2020,0.0,0.021491417661309242
4735,豪展,2020,9.0,8.991076469421387
4736,泰博,2020,11.5,11.388032913208008
4737,華廣,2020,2.06237678,1.738765001296997
4739,康普,2020,1.2,1.170421838760376
4741,泓瀚,2020,0.6,0.6813329458236694
4743,合一,2020,0.0,-0.012359040789306164
4744,皇將,2020,1.2,1.0742038488388062
4745,合富-KY,2020,1.2,0.7639449238777161
4746,台耀,2020,0.0,0.5771915912628174
4747,強生,2020,1.92,1.919819712638855
4754,國碳科,2020,0.5,0.7133685946464539
4755,三福化,2020,3.0,2.7899694442749023
4760,勤凱,2020,3.1737865000000003,3.1875863075256348
4763,材料-KY,2020,5.5,5.620180130004883
4764,雙鍵,2020,0.3,0.584088146686554
4766,南寶,2020,7.0,6.675023555755615
4767,誠泰科技,2020,1.2,1.1996235847473145
4803,VHQ-KY,2020,0.0,-0.008959495462477207
4804,大略-KY,2020,0.0,0.016356421634554863
4806,昇華,2020,0.0,0.00023251886887010187
4807,日成-KY,2020,0.5,0.5467404723167419
4903,聯光通,2020,0.0,-0.0010256185196340084
4904,遠傳,2020,3.25,2.908432722091675
4905,台聯電,2020,1.0,1.0107743740081787
4906,正文,2020,1.95568,2.795524835586548
4907,富宇,2020,1.2,0.9851975440979004
4908,前鼎,2020,1.1,1.1715399026870728
4909,新復興,2020,0.3,0.2894454896450043
4911,德英,2020,0.0,-0.015748709440231323
4912,聯德控股-KY,2020,3.9256367225,3.8991241455078125
4915,致伸,2020,3.00079733,2.8374226093292236
4916,事欣科,2020,0.5,0.038517896085977554
4919,新唐,2020,0.75804239,0.7955482602119446
4924,欣厚-KY,2020,0.0,-0.020533720031380653
4927,泰鼎-KY,2020,3.0,3.9255077838897705
4930,燦星網,2020,3.5,3.152313470840454
4931,新盛力,2020,0.9,0.8839850425720215
4933,友輝,2020,2.1875012000000003,2.06834077835083
4934,太極,2020,0.0,0.008888352662324905
4935,茂林-KY,2020,5.5,5.572818756103516
4938,和碩,2020,4.48877769,4.65833854675293
4939,亞電,2020,1.25,0.9855734705924988
4942,嘉彰,2020,2.5,2.914297103881836
4943,康控-KY,2020,0.1,0.16208331286907196
4944,兆遠,2020,0.0,-0.01848980411887169
4945,陞達科技,2020,1.60017295,1.444452166557312
4946,辣椒,2020,0.0,-0.009775710292160511
4950,牧東,2020,0.0,0.0008840691880322993
4952,凌通,2020,2.4,2.363450050354004
4953,緯軟,2020,4.98387241,5.50909948348999
4956,光鋐,2020,0.0,0.198860302567482
4958,臻鼎-KY,2020,4.5,5.6821513175964355
4960,誠美材,2020,0.0,0.15568728744983673
4961,天鈺,2020,2.50029484,2.4679837226867676
4966,譜瑞-KY,2020,21.73111221,21.719196319580078
4967,十銓,2020,1.1,1.1633129119873047
4968,立積,2020,4.0,4.609218597412109
4971,IET-KY,2020,1.00004999,0.9867138862609863
4972,湯石照明,2020,2.4,2.2577126026153564
4973,廣穎,2020,1.0,1.0948988199234009
4974,亞泰,2020,3.5,3.5282483100891113
4976,佳凌,2020,0.0,-0.021301692351698875
4977,眾達-KY,2020,5.81113412,5.711717128753662
4979,華星光,2020,0.0,-0.000505900417920202
4987,科誠,2020,2.0,2.8422305583953857
4989,榮科,2020,0.6,0.24971717596054077
4991,環宇-KY,2020,0.0,0.027689486742019653
4994,傳奇,2020,3.0,2.792894124984741
4995,晶達,2020,1.79935464,1.4765211343765259
4999,鑫禾,2020,3.0,3.037224769592285
5007,三星,2020,2.0,1.569661021232605
5009,榮剛,2020,0.4,0.3933037519454956
5011,久陽,2020,0.0,0.08390244841575623
5013,強新,2020,0.5,0.47869250178337097
5014,建錩,2020,0.0,0.24669381976127625
5015,華祺,2020,1.9,1.8374077081680298
5016,松和,2020,2.0,1.5004380941390991
5102,富強,2020,0.7,0.6701035499572754
5201,凱衛,2020,2.8,1.566075086593628
5202,力新,2020,0.0,0.026722507551312447
5203,訊連,2020,2.26212843,2.2611870765686035
5205,中茂,2020,0.0,-0.0007028034306131303
5206,坤悅,2020,1.3,1.3873581886291504
5209,新鼎,2020,4.0,3.8995745182037354
5210,寶碩,2020,0.0,0.006822091527283192
5211,蒙恬,2020,0.0,0.06939256936311722
5212,凌網,2020,2.85,2.1754567623138428
5213,亞昕,2020,1.99559743,1.8515543937683105
5215,科嘉-KY,2020,8.0,8.565664291381836
5220,萬達光電,2020,3.0,3.0560495853424072
5223,安力-KY,2020,3.41459762,3.686190128326416
5225,東科-KY,2020,0.0,0.033901844173669815
5227,立凱-KY,2020,0.0,0.01083082053810358
5230,雷笛克光學,2020,0.6,0.5173633694648743
5234,達興材料,2020,5.0,4.50266695022583
5243,乙盛-KY,2020,1.7,1.1964411735534668
5245,智晶,2020,1.0,1.1503864526748657
5251,天鉞電,2020,0.0,0.015295826829969883
5258,虹堡,2020,0.6,1.4685651063919067
5263,智崴,2020,0.0,-0.005197175778448582
5269,祥碩,2020,24.0,23.824893951416016
5272,笙科,2020,0.0,-0.03535578399896622
5274,信驊,2020,26.0,26.06481170654297
5276,達輝-KY,2020,0.0,0.16971904039382935
5278,尚凡,2020,10.89959684,6.825826644897461
5281,大峽谷-KY,2020,0.8,0.821615993976593
5283,禾聯碩,2020,8.0,8.040148735046387
5284,jpp-KY,2020,2.1,2.147475004196167
5285,界霖,2020,2.411562,1.1201359033584595
5287,數字,2020,12.0,11.986176490783691
5288,豐祥-KY,2020,4.0,4.009139537811279
5289,宜鼎,2020,6.69560253,6.74534797668457
5291,邑昇,2020,1.1,1.0996028184890747
5299,杰力,2020,6.4967752,6.654327869415283
5301,寶得利,2020,0.0,0.0010272875661030412
5302,太欣,2020,0.0,-0.00934373214840889
5306,桂盟,2020,7.2,7.206566333770752
5309,系統電,2020,0.0,0.019655881449580193
5310,天剛,2020,0.0,-0.001165331806987524
5312,寶島科,2020,4.0,3.632453441619873
5314,世紀,2020,0.0,-0.0006858684355393052
5315,光聯,2020,0.82082796,0.8488558530807495
5321,友銓,2020,0.0,0.01959165185689926
5324,士開,2020,0.0,0.03095196560025215
5328,華容,2020,0.0,-0.01994618959724903
5340,建榮,2020,0.0,-0.045570410788059235
5344,立衛,2020,0.0,0.009340221993625164
5345,天揚,2020,0.0,-0.00022758456179872155
5347,世界,2020,3.5,3.2917518615722656
5348,系通,2020,0.0,-0.0066653355024755
5351,鈺創,2020,0.0,0.00875723734498024
5353,台林,2020,0.85,0.681621789932251
5355,佳總,2020,0.0,-0.007011137902736664
5356,協益,2020,2.2,2.1936802864074707
5364,力麗店,2020,0.0,0.04311178997159004
5371,中光電,2020,4.0,3.7996296882629395
5381,合正,2020,0.0,0.0072358595207333565
5383,金利,2020,0.0,0.005239992402493954
5386,青雲,2020,0.3,0.5017364621162415
5388,中磊,2020,2.599999,2.647029399871826
5392,應華,2020,0.3,0.35309407114982605
5398,慕康生醫,2020,0.25,0.24301329255104065
5403,中菲,2020,3.0,3.0271799564361572
5410,國眾,2020,1.7,1.5611368417739868
5425,台半,2020,1.5,1.6877180337905884
5426,振發,2020,0.0,0.03268532082438469
5432,達威,2020,0.0,0.09608125686645508
5434,崇越,2020,8.0,7.977677822113037
5438,東友,2020,0.1,0.04945545643568039
5439,高技,2020,2.5,2.4560976028442383
5443,均豪,2020,1.0,0.9200491309165955
5450,南良,2020,0.0,0.0157184861600399
5452,佶優,2020,0.6,0.5613069534301758
5455,昇益,2020,0.0,-0.0007187743321992457
5457,宣德,2020,2.1,2.1249682903289795
5460,同協,2020,0.1,0.1397871971130371
5464,霖宏,2020,0.0,0.005250032991170883
5465,富驊,2020,1.15,0.8914121985435486
5468,凱鈺,2020,0.0,-0.004250368103384972
5469,瀚宇博,2020,2.2,3.076460361480713
5471,松翰,2020,5.7,5.433114528656006
5474,聰泰,2020,8.0,7.9907050132751465
5475,德宏,2020,0.0,-0.009094705805182457
5478,智冠,2020,6.0,5.103836536407471
5481,新華,2020,0.4,0.5119166374206543
5483,中美晶,2020,9.0,8.60670280456543
5484,慧友,2020,0.0,-0.0013653120258823037
5487,通泰,2020,1.1,1.1631879806518555
5488,松普,2020,0.0,0.007120313122868538
5489,彩富,2020,1.0,0.33789873123168945
5490,同亨,2020,2.0,1.5834314823150635
5493,三聯,2020,2.0,1.5544999837875366
5498,凱崴,2020,0.2,0.23410353064537048
5508,永信建,2020,3.3406,3.258793592453003
5511,德昌,2020,2.0,2.0258021354675293
5512,力麒,2020,0.33,0.5158189535140991
5514,三豐,2020,0.5,0.558818519115448
5515,建國,2020,0.8,0.8018282651901245
5516,雙喜,2020,0.2,1.3289340734481812
5519,隆大,2020,1.8,1.32310950756073
5520,力泰,2020,3.55,3.219454050064087
5521,工信,2020,0.13,0.34574952721595764
5522,遠雄,2020,4.5,2.7238221168518066
5523,豐謙,2020,0.5,0.16718542575836182
5525,順天,2020,0.5,0.413422554731369
5529,志嘉,2020,0.0,0.002529948018491268
5530,龍巖,2020,1.2,1.1740381717681885
5531,鄉林,2020,0.0,0.054181672632694244
5533,皇鼎,2020,0.6,0.6301324367523193
5534,長虹,2020,5.0,5.07749605178833
5536,聖暉,2020,12.0,6.777378559112549
5538,東明-KY,2020,1.77737682,1.7118535041809082
5543,桓鼎-KY,2020,1.00000005,0.8987972736358643
5546,永固-KY,2020,5.83134093,7.170619010925293
5601,台聯櫃,2020,0.25,0.21242977678775787
5603,陸海,2020,1.0,1.0721737146377563
5604,中連貨,2020,7.95,7.642002105712891
5607,遠雄港,2020,1.2,1.252113699913025
5608,四維航,2020,0.0,-0.02570013701915741
5609,中菲行,2020,5.2,6.432698726654053
5701,劍湖山,2020,0.0,0.005468812771141529
5703,亞都,2020,0.0,0.0010698697296902537
5704,老爺知,2020,2.2,1.307350754737854
5706,鳳凰,2020,0.3,0.32006964087486267
5820,日盛金,2020,0.3851034,0.4380917549133301
5864,致和證,2020,0.6,1.2412182092666626
5871,中租-KY,2020,5.0,5.014206886291504
5876,上海商銀,2020,1.7,1.7000402212142944
5878,台名,2020,3.2,3.150527000427246
5880,合庫金,2020,0.85,0.8425585031509399
5902,德記,2020,0.0,0.020706085488200188
5903,全家,2020,7.5,7.704419136047363
5904,寶雅,2020,18.7,18.542945861816406
5905,南仁湖,2020,0.2,0.2470352053642273
5906,台南-KY,2020,0.2,0.691677451133728
5907,大洋-KY,2020,1.0,-0.002024048939347267
6005,群益證,2020,1.1,0.9976454377174377
6015,宏遠證,2020,0.5,0.4508014917373657
6016,康和證,2020,1.22,1.2142475843429565
6020,大展證,2020,0.72252442,0.6323800683021545
6021,大慶證,2020,0.0,0.24153117835521698
6023,元大期,2020,2.8,2.7429866790771484
6024,群益期,2020,2.87,2.858248710632324
6026,福邦證,2020,0.14641632,0.535344660282135
6101,寬魚國際,2020,0.0,-0.0019549813587218523
6103,合邦,2020,0.0,0.0009587368695065379
6104,創惟,2020,3.0,2.953409433364868
6108,競國,2020,0.5,0.4344881474971771
6109,亞元,2020,0.0,0.005123546812683344
6111,大宇資,2020,0.2,0.5820162296295166
6112,聚碩,2020,2.5,2.7451987266540527
6113,亞矽,2020,0.0,0.00024124262563418597
6114,久威,2020,0.7,0.7363278269767761
6115,鎰勝,2020,2.8,2.808307409286499
6116,彩晶,2020,0.5,0.5003543496131897
6117,迎廣,2020,0.0,0.08770659565925598
6118,建達,2020,0.0,0.018566850572824478
6120,達運,2020,0.0,-0.015740342438220978
6121,新普,2020,19.1,19.049604415893555
6122,擎邦,2020,0.3,0.37037450075149536
6123,上奇,2020,3.97707912,3.8619892597198486
6124,業強,2020,0.0,0.2068914920091629
6125,廣運,2020,1.5,1.0030672550201416
6126,信音,2020,1.4,1.1885547637939453
6127,九豪,2020,0.0,0.03401746228337288
6128,上福,2020,1.0,0.9969106912612915
6129,普誠,2020,0.0,0.00314118480309844
6130,星寶國際,2020,0.0,0.01361372135579586
6133,金橋,2020,0.0,-0.018649987876415253
6134,萬旭,2020,0.0,0.0019630789756774902
6136,富爾特,2020,1.1,0.9158934950828552
6138,茂達,2020,5.20099318,3.6757633686065674
6139,亞翔,2020,1.0,0.9901953339576721
6140,訊達,2020,0.0,0.5725464224815369
6141,柏承,2020,0.5,1.5479320287704468
6142,友勁,2020,0.0,0.006273848470300436
6143,振曜,2020,2.0,2.0964515209198
6144,得利影,2020,0.0,0.016142696142196655
6146,耕興,2020,6.3,6.312209606170654
6147,頎邦,2020,3.8,3.7210686206817627
6148,驊宏資,2020,0.810448,0.33802124857902527
6150,撼訊,2020,0.5,0.5117083787918091
6151,晉倫,2020,1.8,1.708101749420166
6152,百一,2020,0.0,0.033390872180461884
6153,嘉聯益,2020,0.5,0.5912352800369263
6154,順發,2020,0.55,0.6194057464599609
6155,鈞寶,2020,0.75,0.5825643539428711
6156,松上,2020,0.5,0.5845465064048767
6158,禾昌,2020,0.5,0.4638229310512543
6160,欣技,2020,0.0,0.004122930113226175
6161,捷波,2020,1.6,1.4877991676330566
6163,華電網,2020,0.0,0.041928667575120926
6164,華興,2020,0.0,-0.0007408894598484039
6165,浪凡,2020,0.0,0.0593448206782341
6166,凌華,2020,1.0,1.007920265197754
6167,久正,2020,0.0,-0.02497524581849575
6168,宏齊,2020,0.7,0.5496302843093872
6169,昱泉,2020,0.0,0.003900018520653248
6170,統振,2020,1.4,1.3824185132980347
6171,亞銳士,2020,1.0,1.1341205835342407
6172,互億,2020,0.2,0.14872747659683228
6173,信昌電,2020,2.00934579,2.0932509899139404
6174,安碁,2020,0.0,0.08470038324594498
6175,立敦,2020,1.0751945,1.069484829902649
6176,瑞儀,2020,8.0,7.7945556640625
6177,達麗,2020,0.0,0.1507396548986435
6179,亞通,2020,1.87970108,1.7728350162506104
6180,橘子,2020,4.0,3.9416182041168213
6182,合晶,2020,1.1,1.054047703742981
6183,關貿,2020,1.81,1.4640436172485352
6184,大豐電,2020,3.0,3.098875045776367
6185,幃翔,2020,0.2,0.18174877762794495
6186,新潤,2020,1.25,1.3102209568023682
6187,萬潤,2020,3.0,2.5178256034851074
6188,廣明,2020,1.0,0.49140387773513794
6189,豐藝,2020,2.8,2.694343090057373
6190,萬泰科,2020,1.00773399,0.8557133674621582
6191,精成科,2020,0.8,1.1808096170425415
6192,巨路,2020,3.4,3.814399242401123
6194,育富,2020,1.5,1.3086611032485962
6195,詩肯,2020,3.93825315,3.665776014328003
6196,帆宣,2020,3.5,3.4569804668426514
6197,佳必琪,2020,2.9,2.682400941848755
6198,凌泰,2020,0.0,-0.014895301312208176
6199,天品,2020,0.0,0.15793666243553162
6201,亞弘電,2020,3.0,2.945490837097168
6202,盛群,2020,4.56,3.104196786880493
6203,海韻電,2020,5.0,5.483129024505615
6204,艾華,2020,10.0,1.179288625717163
6205,詮欣,2020,1.5,1.5056971311569214
6206,飛捷,2020,4.0,3.8948333263397217
6207,雷科,2020,1.5,1.3632172346115112
6208,日揚,2020,1.98999861,1.1975479125976562
6209,今國光,2020,0.0,0.1177789643406868
6210,慶生,2020,3.0,2.8010642528533936
6212,理銘,2020,3.0,1.6214879751205444
6213,聯茂,2020,5.0,4.986363887786865
6214,精誠,2020,5.0,4.938113212585449
6215,和椿,2020,0.5,0.5804536938667297
6216,居易,2020,1.50342542,1.3201584815979004
6217,中探針,2020,1.04926888,0.9667090177536011
6218,豪勉,2020,1.0,0.8501744866371155
6219,富旺,2020,2.0,0.589007556438446
6220,岳豐,2020,1.00020922,1.1324816942214966
6221,晉泰,2020,0.0,0.27799245715141296
6222,上揚,2020,0.0,0.020652083680033684
6223,旺矽,2020,4.47006388,4.341078281402588
6224,聚鼎,2020,4.25,4.177577495574951
6225,天瀚,2020,0.0,-0.0015345971332862973
6226,光鼎,2020,0.0,0.005928422324359417
6227,茂綸,2020,1.5,1.532806634902954
6228,全譜,2020,0.0,0.005043002776801586
6229,研通,2020,1.02,0.7844735383987427
6230,尼得科超眾,2020,1.36,1.7994234561920166
6231,系微,2020,3.5,3.3577566146850586
6233,旺玖,2020,0.0,0.027081666514277458
6234,高僑,2020,0.6,0.5507574677467346
6235,華孚,2020,0.59809429,0.7882331013679504
6236,康呈,2020,0.0,0.0014141055289655924
6237,驊訊,2020,1.0,1.222110629081726
6239,力成,2020,5.0,5.006381034851074
6240,松崗,2020,0.0,0.06305981427431107
6241,易通展,2020,0.0,-0.008066322654485703
6242,立康,2020,2.8,1.7723037004470825
6243,迅杰,2020,0.0,0.0015524154296144843
6244,茂迪,2020,0.2,0.13262128829956055
6245,立端,2020,3.3282782,3.3702046871185303
6246,臺龍,2020,0.0,0.06178584322333336
6247,淇譽電,2020,0.0,-0.000355898286215961
6248,沛波,2020,1.19857918,0.6955083608627319
6251,定穎,2020,0.4,0.7102907299995422
6257,矽格,2020,2.86562727,2.6337010860443115
6259,百徽,2020,0.0,0.02261822298169136
6261,久元,2020,4.0,3.4233474731445312
6263,普萊德,2020,4.0,3.7772417068481445
6264,富裔,2020,0.0,0.003129584714770317
6265,方土昶,2020,0.0,0.005549798719584942
6266,泰詠,2020,1.035,1.0399030447006226
6269,台郡,2020,5.11662105,5.2130255699157715
6270,倍微,2020,1.2,0.7086198925971985
6271,同欣電,2020,5.5,3.9395952224731445
6274,台燿,2020,4.8013887,4.641929626464844
6275,元山,2020,1.5,1.3298043012619019
6276,安鈦克,2020,3.0,2.679225444793701
6277,宏正,2020,5.5,10.428398132324219
6278,台表科,2020,3.3,3.2674243450164795
6279,胡連,2020,4.0,4.730172157287598
6281,全國電,2020,5.0,4.829687595367432
6282,康舒,2020,1.2,1.2739214897155762
6283,淳安,2020,0.0,0.013428211212158203
6284,佳邦,2020,1.0,1.107243537902832
6285,啟碁,2020,2.50122691,2.665137529373169
6287,元隆,2020,0.0,0.0025352658703923225
6288,聯嘉,2020,0.7,0.534629762172699
6289,華上,2020,0.0,-0.0006161110359244049
6290,良維,2020,3.5,3.5287206172943115
6291,沛亨,2020,0.0,0.09902213513851166
6292,迅德,2020,2.7,2.3284103870391846
6294,智基,2020,9.0,8.489356994628906
6404,通訊-KY,2020,0.0,0.0002083416620735079
6405,悅城,2020,0.6,0.6113028526306152
6409,旭隼,2020,23.5,23.288677215576172
6411,晶焱,2020,5.0271,4.528906345367432
6412,群電,2020,4.0,3.77351975440979
6414,樺漢,2020,5.0,5.207126140594482
6415,矽力-KY,2020,10.46497049,10.30406379699707
6416,瑞祺電通,2020,3.65,3.6487154960632324
6417,韋僑,2020,1.3,1.2030096054077148
6418,詠昇,2020,0.2,0.18720345199108124
6419,京晨科,2020,0.0,-0.0010699739214032888
6425,易發,2020,0.5,0.1548904925584793
6426,統新,2020,2.5,2.5876858234405518
6431,光麗-KY,2020,0.0,0.0027300557121634483
6432,今展科,2020,1.6,1.7571293115615845
6435,大中,2020,5.0,4.576233386993408
6438,迅得,2020,4.14460998,4.138286113739014
6441,廣錠,2020,0.0,0.03925710916519165
6442,光聖,2020,1.0,0.5252479910850525
6443,元晶,2020,0.0,0.051729291677474976
6446,藥華藥,2020,0.0,0.0030091702938079834
6449,鈺邦,2020,1.9,2.037066698074341
6451,訊芯-KY,2020,4.09633428,4.5216569900512695
6456,GIS-KY,2020,4.0,4.214658260345459
6457,紘康,2020,6.3239429000000005,6.150186538696289
6461,益得,2020,0.0,-0.0015475638210773468
6462,神盾,2020,15.0,14.50156021118164
6464,台數科,2020,2.65,2.8768458366394043
6465,威潤,2020,0.0,0.0030329932924360037
6469,大樹,2020,0.99017819,1.1232177019119263
6470,宇智,2020,3.5,3.415114402770996
6472,保瑞,2020,2.0,2.011371374130249
6477,安集,2020,1.138177,1.0705198049545288
6482,弘煜科,2020,0.0,0.04982737451791763
6485,點序,2020,0.5,0.43484196066856384
6486,互動,2020,6.0,6.093550205230713
6488,環球晶,2020,18.0,18.52432632446289
6491,晶碩,2020,5.0,5.081868648529053
6492,生華科,2020,0.0,-0.009430861100554466
6494,九齊,2020,3.5,3.1587655544281006
6496,科懋,2020,1.0,0.9945536851882935
6499,益安,2020,0.0,0.13432537019252777
6504,南六,2020,12.0,12.024283409118652
6505,台塑化,2020,0.59,0.7057990431785583
6506,雙邦,2020,0.8,0.7943620085716248
6508,惠光,2020,1.6,1.5923351049423218
6509,聚和,2020,1.0,1.1656031608581543
6510,精測,2020,12.0,14.516661643981934
6512,啟發電,2020,0.0,-0.02634691447019577
6514,芮特-KY,2020,3.5,1.7248406410217285
6515,穎崴,2020,12.98350156,12.87468433380127
6516,勤崴國際,2020,0.13,0.14134439826011658
6523,達爾膚,2020,4.0,4.153122425079346
6525,捷敏-KY,2020,4.5,4.380163192749023
6527,明達醫,2020,1.4,1.5223520994186401
6530,創威,2020,1.0,0.9766712188720703
6531,愛普,2020,5.0,5.009130954742432
6532,瑞耘,2020,2.0,2.09257435798645
6533,晶心科,2020,0.741546,0.747327446937561
6535,順藥,2020,0.0,-0.0020137943793088198
6538,倉和,2020,7.0,7.064692974090576
6541,泰福-KY,2020,0.0,0.011866542510688305
6542,隆中,2020,0.0,0.11489629000425339
6547,高端疫苗,2020,0.0,-0.022922735661268234
6548,長科*,2020,1.32,1.370154619216919
6552,易華電,2020,1.5,1.4034932851791382
6556,勝品,2020,2.0,2.0033304691314697
6558,興能高,2020,0.3,0.47886452078819275
6560,欣普羅,2020,3.0,3.1247003078460693
6561,是方,2020,8.8,8.757521629333496
6568,宏觀,2020,5.0,4.961676597595215
6569,醫揚,2020,5.5,4.5812296867370605
6570,維田,2020,1.0,0.872444212436676
6573,虹揚-KY,2020,0.0,-0.023484570905566216
6574,霈方,2020,1.38,1.3180959224700928
6576,逸達,2020,0.0,0.047598570585250854
6577,勁豐,2020,5.0,4.711581707000732
6578,達邦蛋白,2020,0.2,0.25308477878570557
6579,研揚,2020,3.0,2.2340071201324463
6581,鋼聯,2020,3.0,2.928368091583252
6582,申豐,2020,10.0,9.98483943939209
6588,東典光電,2020,1.5,1.6446869373321533
6589,台康生技,2020,0.0,0.002678272547200322
6590,普鴻,2020,3.5,3.419768810272217
6591,動力-KY,2020,2.72785517,3.040266752243042
6592,和潤企業,2020,3.5,3.396888017654419
6593,台灣銘板,2020,0.5,0.3795473575592041
6594,展匯科,2020,1.0,1.2875361442565918
6596,寬宏藝術,2020,4.5,3.770350694656372
6598,ABC-KY,2020,0.0,0.004438314121216536
6603,富強鑫,2020,0.05,0.08786344528198242
6605,帝寶,2020,1.4,1.4206171035766602
6609,瀧澤科,2020,0.8,0.5203695297241211
6612,奈米醫材,2020,0.1,0.2848970293998718
6613,朋億,2020,8.0,7.760732650756836
6615,慧智,2020,1.4,1.3458949327468872
6616,特昇-KY,2020,2.0,1.8978068828582764
6624,萬年清,2020,0.0,0.023426754400134087
6625,必應,2020,0.0,0.0022488574031740427
6629,泰金-KY,2020,4.48952372,4.344008922576904
6640,均華,2020,3.0,2.6607720851898193
6641,基士德-KY,2020,4.5,4.592763423919678
6642,富致,2020,1.8,1.816415548324585
6643,M31,2020,8.0,7.940070152282715
6649,台生材,2020,0.0,-0.007203440181910992
6651,全宇昕,2020,3.0,2.94834303855896
6654,天正國際,2020,1.5,1.5346190929412842
6655,科定,2020,8.0,2.64812970161438
6661,威健生技,2020,1.1018,1.0871013402938843
6662,樂斯科,2020,2.0,1.736993432044983
6664,群翊,2020,4.3,4.147927284240723
6666,羅麗芬-KY,2020,2.0,2.554182767868042
6667,信紘科,2020,1.65999999,1.672305703163147
6668,中揚光,2020,1.15,1.124070644378662
6669,緯穎,2020,32.0,27.490982055664062
6670,復盛應用,2020,6.6,6.527067184448242
6671,三能-KY,2020,3.0,3.0178732872009277
6672,騰輝電子-KY,2020,3.2,3.126741647720337
6674,鋐寶科技,2020,1.0,0.8165183067321777
6679,鈺太,2020,4.99449475,4.932136535644531
6680,鑫創電子,2020,2.0,1.9541268348693848
6683,雍智科技,2020,5.5,8.922042846679688
6690,安碁資訊,2020,3.3,3.3195455074310303
6697,東捷資訊,2020,2.0,1.957061529159546
6698,旭暉應材,2020,0.5,0.5073326826095581
6703,軒郁,2020,7.25,7.252199172973633
6706,惠特,2020,4.0,4.026670932769775
6712,長聖,2020,0.0,-0.009882326237857342
6715,嘉基,2020,2.5,2.727849006652832
6716,應廣,2020,4.0,4.01299524307251
6727,亞泰金屬,2020,2.5,2.530108690261841
6728,上洋,2020,4.2,3.469367265701294
6732,昇佳電子,2020,22.5,24.365196228027344
6733,博晟生醫,2020,0.0,-0.000666328938677907
6743,安普新,2020,1.63934426,1.758417010307312
6747,亨泰光,2020,5.37434371,5.35097599029541
6751,智聯服務,2020,2.1,2.0886929035186768
6752,叡揚資訊,2020,2.2,2.2683238983154297
6754,匯僑設計,2020,2.8,2.728377103805542
6756,威鋒電子,2020,4.5,3.0643811225891113
6762,達亞,2020,8.0,5.8323822021484375
6767,台微醫,2020,0.0,-0.019432611763477325
6768,志強-KY,2020,2.99999998,2.0630645751953125
6776,展碁國際,2020,2.0,1.7556349039077759
6781,AES-KY,2020,5.3,5.631202697753906
6803,崑鼎,2020,11.00000592,10.185442924499512
7402,邑錡,2020,0.7,0.5321474075317383
7556,意德士,2020,2.1,2.1439619064331055
8011,台通,2020,0.0,-0.013587011024355888
8016,矽創,2020,7.5,7.4415812492370605
8021,尖點,2020,1.58,1.5191702842712402
8024,佑華,2020,0.0,0.0441749207675457
8027,鈦昇,2020,1.1887683999999998,1.3625129461288452
8028,昇陽半導體,2020,0.6,0.579055666923523
8032,光菱,2020,1.0,0.9095326662063599
8033,雷虎,2020,0.0,0.00560087151825428
8034,榮群,2020,0.0,0.06263559311628342
8038,長園科,2020,0.0,-0.0011532476637512445
8039,台虹,2020,2.5,2.4885759353637695
8040,九暘,2020,0.0,-0.005731656216084957
8042,金山電,2020,0.7,0.6845415830612183
8043,蜜望實,2020,0.2,0.7306981086730957
8044,網家,2020,1.3136632,1.466902256011963
8046,南電,2020,3.4,3.602562189102173
8047,星雲,2020,0.15,0.18292132019996643
8048,德勝,2020,2.0,1.9350608587265015
8049,晶采,2020,1.65,1.3632261753082275
8050,廣積,2020,1.83197692,0.8784700632095337
8054,安國,2020,0.5,0.4777439832687378
8059,凱碩,2020,0.0,-0.006550472695380449
8064,東捷,2020,0.2,0.10283724218606949
8066,來思達,2020,3.0,1.3031697273254395
8067,志旭,2020,0.0,0.0009287928696721792
8068,全達,2020,0.0,0.008904021233320236
8069,元太,2020,2.68569507,2.1887171268463135
8070,長華*,2020,1.27732148,1.2654130458831787
8071,能率網通,2020,0.2,0.22658847272396088
8072,陞泰,2020,0.2,0.46179306507110596
8074,鉅橡,2020,1.0,0.9596489071846008
8076,伍豐,2020,0.5,0.10569466650485992
8077,洛碁,2020,0.0,0.020376214757561684
8080,永利聯合,2020,0.0,0.00014241562166716903
8081,致新,2020,9.5,8.633407592773438
8083,瑞穎,2020,10.0,9.938804626464844
8084,巨虹,2020,0.0,-0.0010755835101008415
8085,福華,2020,0.0,0.00021888571791350842
8086,宏捷科,2020,2.8,2.780646800994873
8087,華鎂鑫,2020,0.0,0.0012186227831989527
8088,品安,2020,1.2,1.3409154415130615
8089,康全電訊,2020,1.9909838,1.9747146368026733
8091,翔名,2020,2.6,2.626373529434204
8092,建暐,2020,0.0,0.010555265471339226
8093,保銳,2020,0.0,-0.0027067686896771193
8096,擎亞,2020,0.2,0.20113719999790192
8097,常珵,2020,0.0,-0.003664450254291296
8099,大世科,2020,1.35,0.9487980008125305
8101,華冠,2020,0.0,0.006443069316446781
8103,瀚荃,2020,1.4,1.7049981355667114
8104,錸寶,2020,3.0,1.8660802841186523
8105,凌巨,2020,0.0,0.014814354479312897
8107,大億金茂,2020,0.06744125,0.30244046449661255
8109,博大,2020,3.5,2.7377560138702393
8110,華東,2020,0.2,0.15267783403396606
8111,立碁,2020,0.9,0.6470752954483032
8112,至上,2020,3.0,2.9933855533599854
8114,振樺電,2020,1.5,1.428946852684021
8121,越峰,2020,0.0,-0.023994309827685356
8131,福懋科,2020,2.3,2.3909449577331543
8147,正淩,2020,0.5,0.48706212639808655
8150,南茂,2020,2.2,2.00400972366333
8155,博智,2020,7.0,5.457289218902588
8163,達方,2020,2.5,2.3364243507385254
8171,天宇,2020,0.0,-0.00437184376642108
8176,智捷,2020,0.0,-0.0026163486763834953
8182,加高,2020,1.5,1.7644494771957397
8183,精星,2020,0.8,0.8542439937591553
8201,無敵,2020,0.0,0.0016651429468765855
8210,勤誠,2020,4.00165478,4.0161051750183105
8213,志超,2020,3.5,4.207449436187744
8215,明基材,2020,0.7,0.7442300319671631
8222,寶一,2020,0.0,0.020430227741599083
8234,新漢,2020,0.8,0.7307926416397095
8240,華宏,2020,1.6,1.6108930110931396
8249,菱光,2020,1.3,1.1212581396102905
8255,朋程,2020,3.00085286,3.008265256881714
8261,富鼎,2020,1.0,1.3263070583343506
8271,宇瞻,2020,2.02,2.0703325271606445
8277,商丞,2020,0.0,-0.004064437001943588
8279,生展,2020,3.5,3.55283260345459
8284,三竹,2020,2.35704,2.20885968208313
8289,泰藝,2020,0.12,0.26232072710990906
8291,尚茂,2020,0.0,0.002147516468539834
8299,群聯,2020,23.0,22.888025283813477
8341,日友,2020,8.2,7.049337387084961
8342,益張,2020,4.0,4.029443264007568
8349,恒耀,2020,2.07821415,1.604688048362732
8354,冠好,2020,0.3,0.298345148563385
8358,金居,2020,2.0,1.903719186782837
8367,建新國際,2020,1.5,2.3107316493988037
8374,羅昇,2020,0.6,0.6302492618560791
8383,千附,2020,2.5,2.538456439971924
8390,金益鼎,2020,1.6,1.6905454397201538
8401,白紗科,2020,0.66620387,0.5947732925415039
8403,盛弘,2020,0.5,0.5878753662109375
8404,百和興業-KY,2020,1.0,1.122788906097412
8406,金可-KY,2020,6.0,6.054843425750732
8409,商之器,2020,0.0,-0.0010397100122645497
8410,森田,2020,2.5,3.770455837249756
8411,福貞-KY,2020,0.29,0.25568222999572754
8415,大國鋼,2020,1.4,0.8530575037002563
8416,實威,2020,7.0,6.991635799407959
8418,捷必勝-KY,2020,0.0,-0.02009914629161358
8420,明揚,2020,0.8,0.8061094284057617
8421,旭源,2020,0.0,0.0023948897141963243
8422,可寧衛,2020,10.0,9.850662231445312
8423,保綠-KY,2020,0.4,0.42909306287765503
8424,惠普,2020,4.0,3.9090700149536133
8426,紅木-KY,2020,0.0,0.0900554433465004
8427,基勝-KY,2020,0.0,-0.03151314705610275
8429,金麗-KY,2020,0.0,-0.06572604924440384
8431,匯鑽科,2020,0.8,0.7753686308860779
8432,東生華,2020,1.8,1.8129137754440308
8433,弘帆,2020,2.0,1.9703487157821655
8435,鉅邁,2020,3.5,3.516632080078125
8436,大江,2020,8.88,7.639683723449707
8437,大地-KY,2020,3.0,2.7189221382141113
8440,綠電,2020,0.3,0.6961354613304138
8442,威宏-KY,2020,0.0,0.07087168842554092
8443,阿瘦,2020,0.15,0.214401513338089
8444,綠河-KY,2020,0.0,0.10803516954183578
8446,華研,2020,7.0,7.013721466064453
8450,霹靂,2020,0.0,0.09325125813484192
8454,富邦媒,2020,10.0,7.263227939605713
8455,大拓-KY,2020,0.0,0.07328294217586517
8462,柏文,2020,4.86548364,4.114053249359131
8463,潤泰材,2020,0.77,0.8072898983955383
8464,億豐,2020,10.0,9.9540433883667
8466,美吉吉-KY,2020,3.0,2.8694345951080322
8467,波力-KY,2020,0.0,0.08161838352680206
8472,夠麻吉,2020,2.5,1.7681539058685303
8473,山林水,2020,1.0,1.0721781253814697
8476,台境,2020,0.0,0.009471897035837173
8477,創業家,2020,1.935714,0.24718832969665527
8478,東哥遊艇,2020,1.0,0.8922621011734009
8480,泰昇-KY,2020,6.0,6.016774654388428
8481,政伸,2020,7.0,8.505244255065918
8482,商億-KY,2020,4.8,4.772304058074951
8488,吉源-KY,2020,0.3,0.23960165679454803
8489,三貝德,2020,0.7,0.8575056195259094
8499,鼎炫-KY,2020,8.0,7.921658515930176
8905,裕國,2020,0.3,0.3732394874095917
8906,花王,2020,0.1,0.06448586285114288
8908,欣雄,2020,0.4,1.045843482017517
8916,光隆,2020,3.0,2.7475125789642334
8917,欣泰,2020,1.5,1.4576213359832764
8921,沈氏,2020,0.418,0.4300326704978943
8923,時報,2020,0.85,0.8554211854934692
8924,大田,2020,5.0,5.008177280426025
8926,台汽電,2020,1.9,1.624677062034607
8927,北基,2020,0.5,0.25354743003845215
8928,鉅明,2020,1.6,1.584483027458191
8929,富堡,2020,0.5,0.7299026846885681
8930,青鋼,2020,0.5,0.43866321444511414
8931,大汽電,2020,1.4,0.8799515962600708
8932,宏大,2020,0.0,-0.0011973894434049726
8933,愛地雅,2020,0.0,-0.006692086812108755
8935,邦泰,2020,0.0,0.00329745770432055
8936,國統,2020,0.25,0.1879289448261261
8937,合騏,2020,0.0,0.00494576757773757
8938,明安,2020,2.7,2.73954439163208
8940,新天地,2020,0.0,-0.0019010212272405624
8941,關中,2020,2.5,2.3673038482666016
8942,森鉅,2020,3.0,3.800954818725586
8996,高力,2020,1.7,0.8715190887451172
9802,鈺齊-KY,2020,3.8,4.489768981933594
9902,台火,2020,0.3,0.5293534994125366
9904,寶成,2020,0.5,0.5398253202438354
9905,大華,2020,1.5,1.4388997554779053
9906,欣巴巴,2020,0.0,0.027112698182463646
9907,統一實,2020,0.53,0.45641523599624634
9908,大台北,2020,1.1,1.1048169136047363
9910,豐泰,2020,3.7,3.071045398712158
9911,櫻花,2020,3.2,3.192772626876831
9912,偉聯,2020,0.0,-0.0017111432971432805
9914,美利達,2020,7.0,6.9660186767578125
9917,中保科,2020,5.0,4.858797550201416
9918,欣天然,2020,1.6,1.5720067024230957
9919,康那香,2020,3.0,2.8573906421661377
9921,巨大,2020,8.0,8.131156921386719
9924,福興,2020,2.6,2.658949613571167
9925,新保,2020,2.0,1.8641023635864258
9926,新海,2020,1.8,1.6372114419937134
9927,泰銘,2020,1.0,1.0682306289672852
9928,中視,2020,0.0,-0.008354371413588524
9929,秋雨,2020,0.4,0.4534125030040741
9930,中聯資源,2020,2.0,1.9121718406677246
9931,欣高,2020,1.3,1.2625995874404907
9933,中鼎,2020,2.0,1.8420145511627197
9934,成霖,2020,0.5,0.5329099893569946
9935,慶豐富,2020,0.88,0.8598792552947998
9937,全國,2020,2.3,1.6844226121902466
9938,百和,2020,3.0,2.9394192695617676
9939,宏全,2020,3.6,4.149168968200684
9940,信義,2020,1.7,1.682321310043335
9941,裕融,2020,4.7,4.550314903259277
9942,茂順,2020,4.2,4.212902069091797
9943,好樂迪,2020,4.0,3.8300702571868896
9944,新麗,2020,0.4,0.46645668148994446
9945,潤泰新,2020,1.0,4.188251495361328
9946,三發地產,2020,0.3,0.4319508671760559
9949,琉園,2020,0.0,-0.0017010940937325358
9950,萬國通,2020,0.0,0.005606893915683031
9951,皇田,2020,4.7,4.499860763549805
9955,佳龍,2020,0.0,-0.004456433933228254
9958,世紀鋼,2020,4.0,3.2612547874450684
9960,邁達康,2020,1.0,0.8957836031913757
9962,有益,2020,0.0,-0.019701682031154633
